encounter_id,patient_id,pat_class,admit_ts,discharge_ts
E0001-0,P0001,O,2024-02-18 11:00:00,
E0001-1,P0001,I,2024-01-20 02:00:00,2024-01-22 02:00:00
E0001-2,P0001,I,2024-10-09 13:00:00,2024-10-11 13:00:00
E0002-0,P0002,I,2024-03-09 09:00:00,2024-03-11 09:00:00
E0002-1,P0002,O,2024-04-02 03:00:00,
E0002-2,P0002,O,2024-02-19 17:00:00,
E0003-0,P0003,I,2024-08-20 11:00:00,2024-08-23 11:00:00
E0003-1,P0003,O,2024-10-21 09:00:00,
E0003-2,P0003,O,2024-08-17 09:00:00,
E0004-0,P0004,O,2024-08-03 01:00:00,
E0004-1,P0004,O,2024-10-12 18:00:00,
E0005-0,P0005,O,2024-05-18 15:00:00,
E0006-0,P0006,O,2024-06-26 00:00:00,
E0006-1,P0006,I,2024-02-29 15:00:00,2024-03-05 15:00:00
E0006-2,P0006,I,2024-05-06 12:00:00,2024-05-14 12:00:00
E0007-0,P0007,O,2024-05-22 13:00:00,
E0007-1,P0007,I,2024-03-18 02:00:00,2024-03-22 02:00:00
E0007-2,P0007,I,2024-09-05 18:00:00,2024-09-10 18:00:00
E0008-0,P0008,O,2024-09-20 19:00:00,
E0009-0,P0009,I,2024-07-24 01:00:00,2024-07-28 01:00:00
E0009-1,P0009,O,2024-02-26 10:00:00,
E0010-0,P0010,I,2024-04-16 19:00:00,2024-04-21 19:00:00
E0011-0,P0011,I,2024-09-04 09:00:00,2024-09-06 09:00:00
E0011-1,P0011,O,2024-05-15 15:00:00,
E0012-0,P0012,O,2024-09-27 09:00:00,
E0013-0,P0013,O,2024-09-29 17:00:00,
E0014-0,P0014,O,2024-04-26 06:00:00,
E0014-1,P0014,O,2024-01-15 00:00:00,
E0015-0,P0015,I,2024-02-11 07:00:00,2024-02-19 07:00:00
E0015-1,P0015,O,2024-04-14 15:00:00,
E0016-0,P0016,I,2024-09-01 05:00:00,2024-09-07 05:00:00
E0017-0,P0017,I,2024-03-28 04:00:00,2024-04-05 04:00:00
E0018-0,P0018,O,2024-01-11 00:00:00,
E0019-0,P0019,O,2024-04-18 09:00:00,
E0019-1,P0019,O,2024-10-05 13:00:00,
E0020-0,P0020,O,2024-03-18 16:00:00,
E0020-1,P0020,I,2024-04-03 19:00:00,2024-04-06 19:00:00
E0020-2,P0020,O,2024-08-30 19:00:00,
E0021-0,P0021,I,2024-05-07 06:00:00,2024-05-09 06:00:00
E0022-0,P0022,O,2024-09-19 06:00:00,
E0022-1,P0022,O,2024-09-30 15:00:00,
E0022-2,P0022,O,2024-09-24 08:00:00,
E0023-0,P0023,I,2024-05-03 13:00:00,2024-05-08 13:00:00
E0024-0,P0024,O,2024-02-18 12:00:00,
E0025-0,P0025,I,2024-04-10 11:00:00,2024-04-16 11:00:00
E0025-1,P0025,I,2024-10-10 14:00:00,2024-10-11 14:00:00
E0026-0,P0026,I,2024-02-23 02:00:00,2024-02-24 02:00:00
E0027-0,P0027,O,2024-10-19 15:00:00,
E0027-1,P0027,I,2024-01-30 05:00:00,2024-02-01 05:00:00
E0027-2,P0027,I,2024-02-15 08:00:00,2024-02-19 08:00:00
E0028-0,P0028,O,2024-03-07 01:00:00,
E0028-1,P0028,I,2024-03-23 08:00:00,2024-03-27 08:00:00
E0029-0,P0029,I,2024-04-01 08:00:00,2024-04-02 08:00:00
E0029-1,P0029,O,2024-01-08 00:00:00,
E0029-2,P0029,I,2024-09-20 15:00:00,2024-09-28 15:00:00
E0030-0,P0030,I,2024-04-27 10:00:00,2024-04-30 10:00:00
E0031-0,P0031,I,2024-08-08 05:00:00,2024-08-15 05:00:00
E0031-1,P0031,I,2024-05-24 19:00:00,2024-05-29 19:00:00
E0032-0,P0032,I,2024-06-17 17:00:00,2024-06-18 17:00:00
E0032-1,P0032,I,2024-07-01 05:00:00,2024-07-08 05:00:00
E0033-0,P0033,O,2024-02-16 08:00:00,
E0034-0,P0034,O,2024-04-29 02:00:00,
E0034-1,P0034,I,2024-03-20 19:00:00,2024-03-26 19:00:00
E0034-2,P0034,O,2024-05-25 19:00:00,
E0035-0,P0035,I,2024-10-26 20:00:00,2024-10-27 20:00:00
E0036-0,P0036,O,2024-01-10 20:00:00,
E0037-0,P0037,O,2024-10-01 02:00:00,
E0037-1,P0037,O,2024-08-30 08:00:00,
E0037-2,P0037,O,2024-04-15 07:00:00,
E0038-0,P0038,O,2024-04-11 02:00:00,
E0039-0,P0039,O,2024-05-17 03:00:00,
E0039-1,P0039,O,2024-09-21 09:00:00,
E0040-0,P0040,I,2024-05-28 14:00:00,2024-06-05 14:00:00
E0041-0,P0041,O,2024-09-25 08:00:00,
E0041-1,P0041,O,2024-09-17 08:00:00,
E0041-2,P0041,I,2024-09-11 15:00:00,2024-09-14 15:00:00
E0042-0,P0042,I,2024-07-11 10:00:00,2024-07-17 10:00:00
E0042-1,P0042,I,2024-06-22 12:00:00,2024-06-26 12:00:00
E0043-0,P0043,O,2024-02-09 11:00:00,
E0043-1,P0043,I,2024-05-23 03:00:00,2024-05-28 03:00:00
E0043-2,P0043,O,2024-05-16 13:00:00,
E0044-0,P0044,O,2024-10-08 06:00:00,
E0044-1,P0044,O,2024-07-29 14:00:00,
E0044-2,P0044,I,2024-05-26 15:00:00,2024-05-29 15:00:00
E0045-0,P0045,O,2024-05-13 12:00:00,
E0045-1,P0045,I,2024-10-12 12:00:00,2024-10-15 12:00:00
E0045-2,P0045,O,2024-09-13 15:00:00,
E0046-0,P0046,O,2024-03-30 10:00:00,
E0047-0,P0047,O,2024-07-15 13:00:00,
E0047-1,P0047,O,2024-05-18 10:00:00,
E0048-0,P0048,I,2024-04-20 02:00:00,2024-04-24 02:00:00
E0048-1,P0048,O,2024-08-16 13:00:00,
E0048-2,P0048,O,2024-01-17 13:00:00,
E0049-0,P0049,O,2024-08-17 07:00:00,
E0049-1,P0049,O,2024-03-18 16:00:00,
E0050-0,P0050,O,2024-01-20 20:00:00,
E0050-1,P0050,O,2024-05-08 16:00:00,
E0050-2,P0050,O,2024-02-06 09:00:00,
E0051-0,P0051,O,2024-05-22 10:00:00,
E0051-1,P0051,O,2024-09-26 07:00:00,
E0052-0,P0052,I,2024-08-03 02:00:00,2024-08-10 02:00:00
E0052-1,P0052,O,2024-09-09 01:00:00,
E0052-2,P0052,I,2024-07-21 06:00:00,2024-07-26 06:00:00
E0053-0,P0053,O,2024-04-23 08:00:00,
E0053-1,P0053,I,2024-09-10 19:00:00,2024-09-14 19:00:00
E0054-0,P0054,I,2024-03-13 13:00:00,2024-03-14 13:00:00
E0055-0,P0055,O,2024-04-04 20:00:00,
E0056-0,P0056,I,2024-01-02 02:00:00,2024-01-08 02:00:00
E0057-0,P0057,O,2024-02-14 01:00:00,
E0057-1,P0057,I,2024-10-04 14:00:00,2024-10-10 14:00:00
E0058-0,P0058,I,2024-02-02 01:00:00,2024-02-04 01:00:00
E0058-1,P0058,O,2024-05-19 10:00:00,
E0059-0,P0059,O,2024-02-03 00:00:00,
E0059-1,P0059,O,2024-08-26 12:00:00,
E0059-2,P0059,I,2024-03-08 15:00:00,2024-03-13 15:00:00
E0060-0,P0060,I,2024-02-10 16:00:00,2024-02-13 16:00:00
E0060-1,P0060,I,2024-02-03 20:00:00,2024-02-09 20:00:00
E0060-2,P0060,I,2024-02-23 02:00:00,2024-02-25 02:00:00
E0061-0,P0061,O,2024-08-23 19:00:00,
E0061-1,P0061,O,2024-10-02 03:00:00,
E0062-0,P0062,I,2024-04-11 14:00:00,2024-04-15 14:00:00
E0062-1,P0062,I,2024-05-24 18:00:00,2024-05-26 18:00:00
E0063-0,P0063,I,2024-01-19 03:00:00,2024-01-23 03:00:00
E0063-1,P0063,I,2024-01-21 09:00:00,2024-01-22 09:00:00
E0064-0,P0064,I,2024-08-17 19:00:00,2024-08-18 19:00:00
E0065-0,P0065,I,2024-03-13 01:00:00,2024-03-18 01:00:00
E0065-1,P0065,O,2024-04-14 00:00:00,
E0066-0,P0066,I,2024-10-07 15:00:00,2024-10-09 15:00:00
E0066-1,P0066,O,2024-10-08 04:00:00,
E0067-0,P0067,I,2024-08-01 01:00:00,2024-08-07 01:00:00
E0067-1,P0067,O,2024-01-10 11:00:00,
E0068-0,P0068,O,2024-02-16 12:00:00,
E0069-0,P0069,O,2024-07-22 02:00:00,
E0069-1,P0069,I,2024-09-15 05:00:00,2024-09-20 05:00:00
E0069-2,P0069,I,2024-03-28 02:00:00,2024-04-05 02:00:00
E0070-0,P0070,O,2024-07-17 02:00:00,
E0070-1,P0070,I,2024-04-23 19:00:00,2024-04-27 19:00:00
E0070-2,P0070,I,2024-10-16 06:00:00,2024-10-19 06:00:00
E0071-0,P0071,I,2024-01-20 10:00:00,2024-01-28 10:00:00
E0071-1,P0071,I,2024-06-05 20:00:00,2024-06-09 20:00:00
E0071-2,P0071,O,2024-07-07 14:00:00,
E0072-0,P0072,O,2024-08-22 05:00:00,
E0072-1,P0072,I,2024-02-04 04:00:00,2024-02-10 04:00:00
E0072-2,P0072,O,2024-09-15 16:00:00,
E0073-0,P0073,O,2024-01-28 16:00:00,
E0074-0,P0074,I,2024-03-25 07:00:00,2024-03-31 07:00:00
E0074-1,P0074,I,2024-06-14 19:00:00,2024-06-22 19:00:00
E0075-0,P0075,I,2024-05-01 10:00:00,2024-05-05 10:00:00
E0075-1,P0075,O,2024-03-23 20:00:00,
E0075-2,P0075,I,2024-03-27 08:00:00,2024-03-28 08:00:00
E0076-0,P0076,I,2024-07-09 08:00:00,2024-07-15 08:00:00
E0076-1,P0076,I,2024-06-18 02:00:00,2024-06-21 02:00:00
E0077-0,P0077,I,2024-01-01 01:00:00,2024-01-06 01:00:00
E0077-1,P0077,O,2024-09-19 11:00:00,
E0078-0,P0078,I,2024-06-30 09:00:00,2024-07-06 09:00:00
E0078-1,P0078,I,2024-07-30 18:00:00,2024-08-02 18:00:00
E0078-2,P0078,I,2024-08-31 05:00:00,2024-09-04 05:00:00
E0079-0,P0079,O,2024-01-06 01:00:00,
E0079-1,P0079,O,2024-10-23 14:00:00,
E0080-0,P0080,I,2024-01-13 12:00:00,2024-01-16 12:00:00
E0080-1,P0080,O,2024-02-23 00:00:00,
E0080-2,P0080,O,2024-07-30 06:00:00,
E0081-0,P0081,O,2024-01-25 15:00:00,
E0081-1,P0081,I,2024-08-11 14:00:00,2024-08-19 14:00:00
E0082-0,P0082,I,2024-05-14 01:00:00,2024-05-21 01:00:00
E0082-1,P0082,O,2024-05-31 20:00:00,
E0083-0,P0083,O,2024-04-13 05:00:00,
E0083-1,P0083,O,2024-07-18 10:00:00,
E0083-2,P0083,O,2024-10-01 15:00:00,
E0084-0,P0084,O,2024-04-18 12:00:00,
E0084-1,P0084,I,2024-03-28 04:00:00,2024-03-30 04:00:00
E0085-0,P0085,O,2024-03-11 20:00:00,
E0086-0,P0086,I,2024-07-15 03:00:00,2024-07-19 03:00:00
E0087-0,P0087,I,2024-04-14 09:00:00,2024-04-21 09:00:00
E0088-0,P0088,O,2024-06-13 19:00:00,
E0088-1,P0088,I,2024-01-16 13:00:00,2024-01-18 13:00:00
E0089-0,P0089,I,2024-03-28 13:00:00,2024-04-01 13:00:00
E0089-1,P0089,I,2024-01-28 00:00:00,2024-01-30 00:00:00
E0090-0,P0090,O,2024-03-22 09:00:00,
E0090-1,P0090,O,2024-03-25 03:00:00,
E0090-2,P0090,O,2024-10-14 03:00:00,
E0091-0,P0091,I,2024-04-15 09:00:00,2024-04-18 09:00:00
E0091-1,P0091,I,2024-04-29 14:00:00,2024-04-30 14:00:00
E0092-0,P0092,O,2024-06-14 05:00:00,
E0092-1,P0092,I,2024-04-28 04:00:00,2024-05-02 04:00:00
E0092-2,P0092,O,2024-05-16 09:00:00,
E0093-0,P0093,O,2024-04-30 10:00:00,
E0094-0,P0094,I,2024-06-03 09:00:00,2024-06-07 09:00:00
E0095-0,P0095,O,2024-07-23 13:00:00,
E0096-0,P0096,O,2024-07-26 00:00:00,
E0096-1,P0096,O,2024-10-20 18:00:00,
E0096-2,P0096,O,2024-10-25 07:00:00,
E0097-0,P0097,O,2024-05-04 12:00:00,
E0097-1,P0097,O,2024-08-04 15:00:00,
E0098-0,P0098,I,2024-05-08 17:00:00,2024-05-12 17:00:00
E0099-0,P0099,O,2024-09-19 00:00:00,
E0099-1,P0099,O,2024-06-24 13:00:00,
E0100-0,P0100,I,2024-01-29 08:00:00,2024-02-05 08:00:00
E0100-1,P0100,O,2024-02-08 13:00:00,
E0100-2,P0100,I,2024-05-15 03:00:00,2024-05-22 03:00:00
E0101-0,P0101,O,2024-04-08 15:00:00,
E0102-0,P0102,O,2024-08-28 11:00:00,
E0103-0,P0103,I,2024-05-23 11:00:00,2024-05-28 11:00:00
E0104-0,P0104,I,2024-07-16 01:00:00,2024-07-22 01:00:00
E0104-1,P0104,O,2024-06-25 20:00:00,
E0105-0,P0105,O,2024-04-29 05:00:00,
E0106-0,P0106,O,2024-02-16 17:00:00,
E0106-1,P0106,O,2024-09-10 06:00:00,
E0106-2,P0106,I,2024-02-29 17:00:00,2024-03-07 17:00:00
E0107-0,P0107,O,2024-09-08 07:00:00,
E0107-1,P0107,O,2024-01-04 05:00:00,
E0107-2,P0107,O,2024-10-15 15:00:00,
E0108-0,P0108,O,2024-01-15 00:00:00,
E0108-1,P0108,O,2024-09-18 15:00:00,
E0108-2,P0108,O,2024-04-19 13:00:00,
E0109-0,P0109,I,2024-05-25 13:00:00,2024-05-30 13:00:00
E0110-0,P0110,O,2024-09-14 08:00:00,
E0110-1,P0110,I,2024-09-09 03:00:00,2024-09-15 03:00:00
E0111-0,P0111,I,2024-10-06 18:00:00,2024-10-11 18:00:00
E0111-1,P0111,O,2024-01-24 06:00:00,
E0112-0,P0112,I,2024-02-12 06:00:00,2024-02-20 06:00:00
E0112-1,P0112,I,2024-04-02 01:00:00,2024-04-04 01:00:00
E0112-2,P0112,O,2024-03-12 09:00:00,
E0113-0,P0113,O,2024-10-23 01:00:00,
E0113-1,P0113,O,2024-03-01 13:00:00,
E0113-2,P0113,O,2024-02-04 00:00:00,
E0114-0,P0114,I,2024-03-18 20:00:00,2024-03-19 20:00:00
E0115-0,P0115,I,2024-05-21 18:00:00,2024-05-24 18:00:00
E0116-0,P0116,O,2024-08-23 08:00:00,
E0116-1,P0116,I,2024-01-17 00:00:00,2024-01-19 00:00:00
E0117-0,P0117,O,2024-06-10 11:00:00,
E0118-0,P0118,I,2024-08-01 15:00:00,2024-08-09 15:00:00
E0118-1,P0118,I,2024-10-17 10:00:00,2024-10-18 10:00:00
E0118-2,P0118,O,2024-01-08 04:00:00,
E0119-0,P0119,I,2024-04-29 14:00:00,2024-04-30 14:00:00
E0119-1,P0119,I,2024-05-17 13:00:00,2024-05-18 13:00:00
E0119-2,P0119,I,2024-10-19 04:00:00,2024-10-27 04:00:00
E0120-0,P0120,O,2024-04-29 09:00:00,
E0120-1,P0120,O,2024-04-15 08:00:00,
E0120-2,P0120,O,2024-07-16 14:00:00,
E0121-0,P0121,O,2024-06-13 15:00:00,
E0121-1,P0121,I,2024-04-18 06:00:00,2024-04-23 06:00:00
E0121-2,P0121,I,2024-10-15 11:00:00,2024-10-18 11:00:00
E0122-0,P0122,O,2024-03-20 10:00:00,
E0123-0,P0123,O,2024-09-05 18:00:00,
E0123-1,P0123,I,2024-05-23 13:00:00,2024-05-31 13:00:00
E0123-2,P0123,I,2024-01-20 10:00:00,2024-01-23 10:00:00
E0124-0,P0124,O,2024-08-22 15:00:00,
E0124-1,P0124,O,2024-07-22 03:00:00,
E0124-2,P0124,I,2024-06-12 18:00:00,2024-06-14 18:00:00
E0125-0,P0125,O,2024-03-29 01:00:00,
E0126-0,P0126,I,2024-09-04 01:00:00,2024-09-10 01:00:00
E0126-1,P0126,O,2024-06-01 18:00:00,
E0126-2,P0126,I,2024-06-14 11:00:00,2024-06-16 11:00:00
E0127-0,P0127,O,2024-08-27 06:00:00,
E0128-0,P0128,O,2024-02-19 12:00:00,
E0128-1,P0128,O,2024-06-22 10:00:00,
E0129-0,P0129,O,2024-08-19 17:00:00,
E0130-0,P0130,I,2024-10-19 09:00:00,2024-10-22 09:00:00
E0130-1,P0130,O,2024-02-25 10:00:00,
E0131-0,P0131,I,2024-09-01 09:00:00,2024-09-05 09:00:00
E0131-1,P0131,O,2024-05-13 07:00:00,
E0131-2,P0131,O,2024-05-28 13:00:00,
E0132-0,P0132,I,2024-03-12 14:00:00,2024-03-17 14:00:00
E0132-1,P0132,O,2024-08-10 01:00:00,
E0132-2,P0132,I,2024-10-19 05:00:00,2024-10-22 05:00:00
E0133-0,P0133,I,2024-09-10 08:00:00,2024-09-13 08:00:00
E0134-0,P0134,O,2024-07-27 01:00:00,
E0134-1,P0134,O,2024-05-24 20:00:00,
E0134-2,P0134,O,2024-01-08 13:00:00,
E0135-0,P0135,O,2024-07-09 18:00:00,
E0136-0,P0136,O,2024-06-13 12:00:00,
E0137-0,P0137,I,2024-03-09 00:00:00,2024-03-11 00:00:00
E0137-1,P0137,I,2024-04-03 05:00:00,2024-04-08 05:00:00
E0137-2,P0137,I,2024-02-19 06:00:00,2024-02-27 06:00:00
E0138-0,P0138,O,2024-05-19 03:00:00,
E0139-0,P0139,I,2024-04-26 07:00:00,2024-05-04 07:00:00
E0139-1,P0139,I,2024-01-10 20:00:00,2024-01-17 20:00:00
E0139-2,P0139,O,2024-07-21 01:00:00,
E0140-0,P0140,I,2024-07-24 17:00:00,2024-07-27 17:00:00
E0140-1,P0140,I,2024-08-04 20:00:00,2024-08-06 20:00:00
E0141-0,P0141,I,2024-04-25 04:00:00,2024-05-02 04:00:00
E0142-0,P0142,O,2024-05-19 20:00:00,
E0142-1,P0142,I,2024-02-21 08:00:00,2024-02-22 08:00:00
E0142-2,P0142,I,2024-01-21 09:00:00,2024-01-27 09:00:00
E0143-0,P0143,I,2024-03-16 14:00:00,2024-03-19 14:00:00
E0143-1,P0143,I,2024-10-22 09:00:00,2024-10-24 09:00:00
E0143-2,P0143,O,2024-08-20 19:00:00,
E0144-0,P0144,O,2024-09-01 15:00:00,
E0144-1,P0144,I,2024-06-19 07:00:00,2024-06-26 07:00:00
E0144-2,P0144,O,2024-06-29 05:00:00,
E0145-0,P0145,I,2024-01-30 00:00:00,2024-02-01 00:00:00
E0145-1,P0145,I,2024-02-01 16:00:00,2024-02-09 16:00:00
E0146-0,P0146,I,2024-06-21 11:00:00,2024-06-25 11:00:00
E0146-1,P0146,I,2024-02-18 15:00:00,2024-02-21 15:00:00
E0147-0,P0147,O,2024-08-01 08:00:00,
E0148-0,P0148,O,2024-07-19 16:00:00,
E0148-1,P0148,O,2024-06-13 00:00:00,
E0149-0,P0149,I,2024-08-11 18:00:00,2024-08-15 18:00:00
E0150-0,P0150,I,2024-01-14 01:00:00,2024-01-22 01:00:00
E0151-0,P0151,O,2024-08-08 12:00:00,
E0151-1,P0151,O,2024-06-28 14:00:00,
E0151-2,P0151,I,2024-04-27 03:00:00,2024-05-04 03:00:00
E0152-0,P0152,I,2024-09-28 02:00:00,2024-10-04 02:00:00
E0152-1,P0152,I,2024-06-08 16:00:00,2024-06-13 16:00:00
E0153-0,P0153,I,2024-04-06 13:00:00,2024-04-08 13:00:00
E0153-1,P0153,I,2024-01-22 13:00:00,2024-01-23 13:00:00
E0153-2,P0153,O,2024-10-10 00:00:00,
E0154-0,P0154,O,2024-10-17 08:00:00,
E0154-1,P0154,I,2024-03-14 18:00:00,2024-03-16 18:00:00
E0154-2,P0154,I,2024-09-22 16:00:00,2024-09-24 16:00:00
E0155-0,P0155,I,2024-01-07 18:00:00,2024-01-11 18:00:00
E0156-0,P0156,I,2024-02-02 11:00:00,2024-02-09 11:00:00
E0156-1,P0156,O,2024-04-22 12:00:00,
E0156-2,P0156,I,2024-01-28 19:00:00,2024-02-01 19:00:00
E0157-0,P0157,O,2024-05-09 15:00:00,
E0157-1,P0157,I,2024-07-18 18:00:00,2024-07-23 18:00:00
E0158-0,P0158,I,2024-07-13 05:00:00,2024-07-18 05:00:00
E0158-1,P0158,I,2024-07-04 03:00:00,2024-07-11 03:00:00
E0159-0,P0159,O,2024-07-17 06:00:00,
E0160-0,P0160,I,2024-05-03 04:00:00,2024-05-08 04:00:00
E0161-0,P0161,O,2024-06-29 06:00:00,
E0161-1,P0161,I,2024-10-24 06:00:00,2024-11-01 06:00:00
E0162-0,P0162,O,2024-10-27 11:00:00,
E0162-1,P0162,I,2024-09-18 06:00:00,2024-09-20 06:00:00
E0163-0,P0163,I,2024-03-15 09:00:00,2024-03-17 09:00:00
E0163-1,P0163,I,2024-04-28 10:00:00,2024-04-30 10:00:00
E0163-2,P0163,O,2024-07-04 16:00:00,
E0164-0,P0164,I,2024-07-23 09:00:00,2024-07-31 09:00:00
E0164-1,P0164,I,2024-03-31 00:00:00,2024-04-06 00:00:00
E0164-2,P0164,O,2024-08-24 07:00:00,
E0165-0,P0165,I,2024-04-22 01:00:00,2024-04-25 01:00:00
E0165-1,P0165,I,2024-06-04 04:00:00,2024-06-05 04:00:00
E0165-2,P0165,O,2024-04-01 18:00:00,
E0166-0,P0166,O,2024-01-01 03:00:00,
E0166-1,P0166,O,2024-10-26 19:00:00,
E0167-0,P0167,O,2024-08-01 12:00:00,
E0168-0,P0168,O,2024-09-14 20:00:00,
E0168-1,P0168,O,2024-04-15 13:00:00,
E0168-2,P0168,O,2024-04-06 01:00:00,
E0169-0,P0169,I,2024-03-27 11:00:00,2024-03-29 11:00:00
E0170-0,P0170,O,2024-09-04 07:00:00,
E0170-1,P0170,O,2024-08-15 04:00:00,
E0170-2,P0170,O,2024-06-02 04:00:00,
E0171-0,P0171,O,2024-03-27 04:00:00,
E0171-1,P0171,I,2024-07-26 06:00:00,2024-07-31 06:00:00
E0172-0,P0172,I,2024-02-26 09:00:00,2024-02-28 09:00:00
E0173-0,P0173,O,2024-01-24 00:00:00,
E0174-0,P0174,O,2024-09-07 06:00:00,
E0174-1,P0174,O,2024-07-02 02:00:00,
E0175-0,P0175,I,2024-03-15 09:00:00,2024-03-18 09:00:00
E0175-1,P0175,I,2024-06-07 19:00:00,2024-06-10 19:00:00
E0176-0,P0176,I,2024-05-02 01:00:00,2024-05-09 01:00:00
E0176-1,P0176,O,2024-09-10 13:00:00,
E0177-0,P0177,O,2024-03-11 14:00:00,
E0178-0,P0178,O,2024-01-02 01:00:00,
E0178-1,P0178,I,2024-03-14 09:00:00,2024-03-15 09:00:00
E0179-0,P0179,I,2024-03-25 12:00:00,2024-04-02 12:00:00
E0180-0,P0180,O,2024-08-07 17:00:00,
E0180-1,P0180,O,2024-02-11 01:00:00,
E0181-0,P0181,O,2024-03-11 09:00:00,
E0181-1,P0181,I,2024-01-15 06:00:00,2024-01-23 06:00:00
E0181-2,P0181,O,2024-10-23 11:00:00,
E0182-0,P0182,O,2024-04-02 06:00:00,
E0183-0,P0183,O,2024-09-07 07:00:00,
E0183-1,P0183,O,2024-10-20 03:00:00,
E0183-2,P0183,I,2024-02-07 14:00:00,2024-02-09 14:00:00
E0184-0,P0184,O,2024-03-11 11:00:00,
E0185-0,P0185,I,2024-04-19 14:00:00,2024-04-22 14:00:00
E0185-1,P0185,I,2024-04-13 18:00:00,2024-04-19 18:00:00
E0185-2,P0185,O,2024-06-23 00:00:00,
E0186-0,P0186,I,2024-06-29 03:00:00,2024-07-05 03:00:00
E0186-1,P0186,I,2024-05-04 08:00:00,2024-05-12 08:00:00
E0186-2,P0186,O,2024-08-13 03:00:00,
E0187-0,P0187,O,2024-07-13 04:00:00,
E0187-1,P0187,I,2024-05-17 14:00:00,2024-05-23 14:00:00
E0187-2,P0187,O,2024-09-13 15:00:00,
E0188-0,P0188,I,2024-08-17 12:00:00,2024-08-19 12:00:00
E0188-1,P0188,I,2024-09-27 06:00:00,2024-09-30 06:00:00
E0188-2,P0188,O,2024-03-27 11:00:00,
E0189-0,P0189,I,2024-09-04 10:00:00,2024-09-08 10:00:00
E0189-1,P0189,I,2024-01-24 20:00:00,2024-01-27 20:00:00
E0189-2,P0189,O,2024-05-19 02:00:00,
E0190-0,P0190,O,2024-04-12 13:00:00,
E0191-0,P0191,O,2024-07-04 16:00:00,
E0191-1,P0191,I,2024-10-08 12:00:00,2024-10-14 12:00:00
E0192-0,P0192,I,2024-03-10 06:00:00,2024-03-18 06:00:00
E0193-0,P0193,I,2024-06-03 09:00:00,2024-06-09 09:00:00
E0194-0,P0194,O,2024-07-01 13:00:00,
E0194-1,P0194,I,2024-06-12 05:00:00,2024-06-17 05:00:00
E0195-0,P0195,I,2024-07-23 14:00:00,2024-07-28 14:00:00
E0196-0,P0196,I,2024-01-25 02:00:00,2024-01-31 02:00:00
E0196-1,P0196,O,2024-04-06 08:00:00,
E0196-2,P0196,I,2024-06-14 00:00:00,2024-06-20 00:00:00
E0197-0,P0197,O,2024-01-24 02:00:00,
E0197-1,P0197,I,2024-09-10 19:00:00,2024-09-18 19:00:00
E0198-0,P0198,I,2024-06-17 05:00:00,2024-06-20 05:00:00
E0198-1,P0198,I,2024-09-28 02:00:00,2024-10-04 02:00:00
E0198-2,P0198,O,2024-10-02 18:00:00,
E0199-0,P0199,O,2024-09-01 01:00:00,
E0199-1,P0199,O,2024-10-08 14:00:00,
E0200-0,P0200,O,2024-02-21 20:00:00,
E0200-1,P0200,O,2024-04-26 12:00:00,
