encounter_id,patient_key,class_code,reason
ENC0001,P0002,AMB,checkup
ENC0002,P0003,EMER,flu
ENC0003,P0004,IMP,followup
ENC0004,P0005,VR,telehealth
ENC0005,P0006,AMB,checkup
ENC0006,P0007,EMER,flu
ENC0007,P0008,IMP,followup
ENC0008,P0009,VR,telehealth
ENC0009,P0010,AMB,checkup
ENC0010,P0011,EMER,flu
ENC0011,P0012,IMP,followup
ENC0012,P0013,VR,telehealth
ENC0013,P0014,AMB,checkup
ENC0014,P0015,EMER,flu
ENC0015,P0016,IMP,followup
ENC0016,P0017,VR,telehealth
ENC0017,P0018,AMB,checkup
ENC0018,P0019,EMER,flu
ENC0019,P0020,IMP,followup
ENC0020,P0021,VR,telehealth
ENC0021,P0022,AMB,checkup
ENC0022,P0023,EMER,flu
ENC0023,P0024,IMP,followup
ENC0024,P0025,VR,telehealth
ENC0025,P0026,AMB,checkup
ENC0026,P0027,EMER,flu
ENC0027,P0028,IMP,followup
ENC0028,P0029,VR,telehealth
ENC0029,P0030,AMB,checkup
ENC0030,P0031,EMER,flu
ENC0031,P0032,IMP,followup
ENC0032,P0033,VR,telehealth
ENC0033,P0034,AMB,checkup
ENC0034,P0035,EMER,flu
ENC0035,P0036,IMP,followup
ENC0036,P0037,VR,telehealth
ENC0037,P0038,AMB,checkup
ENC0038,P0039,EMER,flu
ENC0039,P0040,IMP,followup
ENC0040,P0001,VR,telehealth
ENC0041,P0002,AMB,checkup
ENC0042,P0003,EMER,flu
ENC0043,P0004,IMP,followup
ENC0044,P0005,VR,telehealth
ENC0045,P0006,AMB,checkup
ENC0046,P0007,EMER,flu
ENC0047,P0008,IMP,followup
ENC0048,P0009,VR,telehealth
ENC0049,P0010,AMB,checkup
ENC0050,P0011,EMER,flu
ENC0051,P0012,IMP,followup
ENC0052,P0013,VR,telehealth
ENC0053,P0014,AMB,checkup
ENC0054,P0015,EMER,flu
ENC0055,P0016,IMP,followup
ENC0056,P0017,VR,telehealth
ENC0057,P0018,AMB,checkup
ENC0058,P0019,EMER,flu
ENC0059,P0020,IMP,followup
ENC0060,P0021,VR,telehealth
