observation_id,patient_id,encounter_id,loinc,loinc_display,value,unit,effective_ts
O000001,P0001,E0001-0,8480-6,Systolic blood pressure,164,mmHg,2024-02-18 11:30:00
O000002,P0001,E0001-0,8462-4,Diastolic blood pressure,73,mmHg,2024-02-18 11:30:00
O000003,P0001,E0001-1,8480-6,Systolic blood pressure,130,mmHg,2024-01-20 02:30:00
O000004,P0001,E0001-1,8462-4,Diastolic blood pressure,65,mmHg,2024-01-20 02:30:00
O000005,P0001,E0001-2,8480-6,Systolic blood pressure,128,mmHg,2024-10-09 13:30:00
O000006,P0001,E0001-2,8462-4,Diastolic blood pressure,100,mmHg,2024-10-09 13:30:00
O000007,P0002,E0002-0,8480-6,Systolic blood pressure,139,mmHg,2024-03-09 09:30:00
O000008,P0002,E0002-0,8462-4,Diastolic blood pressure,95,mmHg,2024-03-09 09:30:00
O000009,P0002,E0002-1,8480-6,Systolic blood pressure,124,mmHg,2024-04-02 03:30:00
O000010,P0002,E0002-1,8462-4,Diastolic blood pressure,83,mmHg,2024-04-02 03:30:00
O000011,P0002,E0002-2,8480-6,Systolic blood pressure,107,mmHg,2024-02-19 17:30:00
O000012,P0002,E0002-2,8462-4,Diastolic blood pressure,99,mmHg,2024-02-19 17:30:00
O000013,P0003,E0003-0,8480-6,Systolic blood pressure,131,mmHg,2024-08-20 11:30:00
O000014,P0003,E0003-0,8462-4,Diastolic blood pressure,65,mmHg,2024-08-20 11:30:00
O000015,P0003,E0003-1,8480-6,Systolic blood pressure,143,mmHg,2024-10-21 09:30:00
O000016,P0003,E0003-1,8462-4,Diastolic blood pressure,106,mmHg,2024-10-21 09:30:00
O000017,P0003,E0003-2,8480-6,Systolic blood pressure,109,mmHg,2024-08-17 09:30:00
O000018,P0003,E0003-2,8462-4,Diastolic blood pressure,67,mmHg,2024-08-17 09:30:00
O000019,P0004,E0004-0,8480-6,Systolic blood pressure,109,mmHg,2024-08-03 01:30:00
O000020,P0004,E0004-0,8462-4,Diastolic blood pressure,108,mmHg,2024-08-03 01:30:00
O000021,P0004,E0004-1,8480-6,Systolic blood pressure,140,mmHg,2024-10-12 18:30:00
O000022,P0004,E0004-1,8462-4,Diastolic blood pressure,81,mmHg,2024-10-12 18:30:00
O000023,P0005,E0005-0,8480-6,Systolic blood pressure,108,mmHg,2024-05-18 15:30:00
O000024,P0005,E0005-0,8462-4,Diastolic blood pressure,63,mmHg,2024-05-18 15:30:00
O000025,P0006,E0006-0,8480-6,Systolic blood pressure,145,mmHg,2024-06-26 00:30:00
O000026,P0006,E0006-0,8462-4,Diastolic blood pressure,70,mmHg,2024-06-26 00:30:00
O000027,P0006,E0006-1,8480-6,Systolic blood pressure,116,mmHg,2024-02-29 15:30:00
O000028,P0006,E0006-1,8462-4,Diastolic blood pressure,107,mmHg,2024-02-29 15:30:00
O000029,P0006,E0006-2,8480-6,Systolic blood pressure,110,mmHg,2024-05-06 12:30:00
O000030,P0006,E0006-2,8462-4,Diastolic blood pressure,70,mmHg,2024-05-06 12:30:00
O000031,P0007,E0007-0,8480-6,Systolic blood pressure,148,mmHg,2024-05-22 13:30:00
O000032,P0007,E0007-0,8462-4,Diastolic blood pressure,74,mmHg,2024-05-22 13:30:00
O000033,P0007,E0007-1,8480-6,Systolic blood pressure,129,mmHg,2024-03-18 02:30:00
O000034,P0007,E0007-1,8462-4,Diastolic blood pressure,60,mmHg,2024-03-18 02:30:00
O000035,P0007,E0007-2,8480-6,Systolic blood pressure,100,mmHg,2024-09-05 18:30:00
O000036,P0007,E0007-2,8462-4,Diastolic blood pressure,69,mmHg,2024-09-05 18:30:00
O000037,P0008,E0008-0,8480-6,Systolic blood pressure,106,mmHg,2024-09-20 19:30:00
O000038,P0008,E0008-0,8462-4,Diastolic blood pressure,89,mmHg,2024-09-20 19:30:00
O000039,P0009,E0009-0,8480-6,Systolic blood pressure,156,mmHg,2024-07-24 01:30:00
O000040,P0009,E0009-0,8462-4,Diastolic blood pressure,70,mmHg,2024-07-24 01:30:00
O000041,P0009,E0009-1,8480-6,Systolic blood pressure,113,mmHg,2024-02-26 10:30:00
O000042,P0009,E0009-1,8462-4,Diastolic blood pressure,60,mmHg,2024-02-26 10:30:00
O000043,P0010,E0010-0,8480-6,Systolic blood pressure,144,mmHg,2024-04-16 19:30:00
O000044,P0010,E0010-0,8462-4,Diastolic blood pressure,98,mmHg,2024-04-16 19:30:00
O000045,P0011,E0011-0,8480-6,Systolic blood pressure,143,mmHg,2024-09-04 09:30:00
O000046,P0011,E0011-0,8462-4,Diastolic blood pressure,107,mmHg,2024-09-04 09:30:00
O000047,P0011,E0011-1,8480-6,Systolic blood pressure,120,mmHg,2024-05-15 15:30:00
O000048,P0011,E0011-1,8462-4,Diastolic blood pressure,93,mmHg,2024-05-15 15:30:00
O000049,P0012,E0012-0,8480-6,Systolic blood pressure,111,mmHg,2024-09-27 09:30:00
O000050,P0012,E0012-0,8462-4,Diastolic blood pressure,104,mmHg,2024-09-27 09:30:00
O000051,P0013,E0013-0,8480-6,Systolic blood pressure,142,mmHg,2024-09-29 17:30:00
O000052,P0013,E0013-0,8462-4,Diastolic blood pressure,100,mmHg,2024-09-29 17:30:00
O000053,P0014,E0014-0,8480-6,Systolic blood pressure,145,mmHg,2024-04-26 06:30:00
O000054,P0014,E0014-0,8462-4,Diastolic blood pressure,106,mmHg,2024-04-26 06:30:00
O000055,P0014,E0014-1,8480-6,Systolic blood pressure,160,mmHg,2024-01-15 00:30:00
O000056,P0014,E0014-1,8462-4,Diastolic blood pressure,76,mmHg,2024-01-15 00:30:00
O000057,P0015,E0015-0,8480-6,Systolic blood pressure,125,mmHg,2024-02-11 07:30:00
O000058,P0015,E0015-0,8462-4,Diastolic blood pressure,81,mmHg,2024-02-11 07:30:00
O000059,P0015,E0015-1,8480-6,Systolic blood pressure,100,mmHg,2024-04-14 15:30:00
O000060,P0015,E0015-1,8462-4,Diastolic blood pressure,90,mmHg,2024-04-14 15:30:00
O000061,P0016,E0016-0,8480-6,Systolic blood pressure,111,mmHg,2024-09-01 05:30:00
O000062,P0016,E0016-0,8462-4,Diastolic blood pressure,106,mmHg,2024-09-01 05:30:00
O000063,P0017,E0017-0,8480-6,Systolic blood pressure,118,mmHg,2024-03-28 04:30:00
O000064,P0017,E0017-0,8462-4,Diastolic blood pressure,99,mmHg,2024-03-28 04:30:00
O000065,P0018,E0018-0,8480-6,Systolic blood pressure,113,mmHg,2024-01-11 00:30:00
O000066,P0018,E0018-0,8462-4,Diastolic blood pressure,93,mmHg,2024-01-11 00:30:00
O000067,P0019,E0019-0,8480-6,Systolic blood pressure,141,mmHg,2024-04-18 09:30:00
O000068,P0019,E0019-0,8462-4,Diastolic blood pressure,76,mmHg,2024-04-18 09:30:00
O000069,P0019,E0019-1,8480-6,Systolic blood pressure,107,mmHg,2024-10-05 13:30:00
O000070,P0019,E0019-1,8462-4,Diastolic blood pressure,107,mmHg,2024-10-05 13:30:00
O000071,P0020,E0020-0,8480-6,Systolic blood pressure,156,mmHg,2024-03-18 16:30:00
O000072,P0020,E0020-0,8462-4,Diastolic blood pressure,109,mmHg,2024-03-18 16:30:00
O000073,P0020,E0020-1,8480-6,Systolic blood pressure,122,mmHg,2024-04-03 19:30:00
O000074,P0020,E0020-1,8462-4,Diastolic blood pressure,69,mmHg,2024-04-03 19:30:00
O000075,P0020,E0020-2,8480-6,Systolic blood pressure,107,mmHg,2024-08-30 19:30:00
O000076,P0020,E0020-2,8462-4,Diastolic blood pressure,80,mmHg,2024-08-30 19:30:00
O000077,P0021,E0021-0,8480-6,Systolic blood pressure,164,mmHg,2024-05-07 06:30:00
O000078,P0021,E0021-0,8462-4,Diastolic blood pressure,88,mmHg,2024-05-07 06:30:00
O000079,P0022,E0022-0,8480-6,Systolic blood pressure,157,mmHg,2024-09-19 06:30:00
O000080,P0022,E0022-0,8462-4,Diastolic blood pressure,92,mmHg,2024-09-19 06:30:00
O000081,P0022,E0022-1,8480-6,Systolic blood pressure,131,mmHg,2024-09-30 15:30:00
O000082,P0022,E0022-1,8462-4,Diastolic blood pressure,104,mmHg,2024-09-30 15:30:00
O000083,P0022,E0022-2,8480-6,Systolic blood pressure,125,mmHg,2024-09-24 08:30:00
O000084,P0022,E0022-2,8462-4,Diastolic blood pressure,88,mmHg,2024-09-24 08:30:00
O000085,P0023,E0023-0,8480-6,Systolic blood pressure,115,mmHg,2024-05-03 13:30:00
O000086,P0023,E0023-0,8462-4,Diastolic blood pressure,109,mmHg,2024-05-03 13:30:00
O000087,P0024,E0024-0,8480-6,Systolic blood pressure,120,mmHg,2024-02-18 12:30:00
O000088,P0024,E0024-0,8462-4,Diastolic blood pressure,102,mmHg,2024-02-18 12:30:00
O000089,P0025,E0025-0,8480-6,Systolic blood pressure,102,mmHg,2024-04-10 11:30:00
O000090,P0025,E0025-0,8462-4,Diastolic blood pressure,81,mmHg,2024-04-10 11:30:00
O000091,P0025,E0025-1,8480-6,Systolic blood pressure,149,mmHg,2024-10-10 14:30:00
O000092,P0025,E0025-1,8462-4,Diastolic blood pressure,81,mmHg,2024-10-10 14:30:00
O000093,P0026,E0026-0,8480-6,Systolic blood pressure,123,mmHg,2024-02-23 02:30:00
O000094,P0026,E0026-0,8462-4,Diastolic blood pressure,77,mmHg,2024-02-23 02:30:00
O000095,P0027,E0027-0,8480-6,Systolic blood pressure,111,mmHg,2024-10-19 15:30:00
O000096,P0027,E0027-0,8462-4,Diastolic blood pressure,77,mmHg,2024-10-19 15:30:00
O000097,P0027,E0027-1,8480-6,Systolic blood pressure,134,mmHg,2024-01-30 05:30:00
O000098,P0027,E0027-1,8462-4,Diastolic blood pressure,61,mmHg,2024-01-30 05:30:00
O000099,P0027,E0027-2,8480-6,Systolic blood pressure,108,mmHg,2024-02-15 08:30:00
O000100,P0027,E0027-2,8462-4,Diastolic blood pressure,76,mmHg,2024-02-15 08:30:00
O000101,P0028,E0028-0,8480-6,Systolic blood pressure,130,mmHg,2024-03-07 01:30:00
O000102,P0028,E0028-0,8462-4,Diastolic blood pressure,67,mmHg,2024-03-07 01:30:00
O000103,P0028,E0028-1,8480-6,Systolic blood pressure,139,mmHg,2024-03-23 08:30:00
O000104,P0028,E0028-1,8462-4,Diastolic blood pressure,100,mmHg,2024-03-23 08:30:00
O000105,P0029,E0029-0,8480-6,Systolic blood pressure,132,mmHg,2024-04-01 08:30:00
O000106,P0029,E0029-0,8462-4,Diastolic blood pressure,62,mmHg,2024-04-01 08:30:00
O000107,P0029,E0029-1,8480-6,Systolic blood pressure,170,mmHg,2024-01-08 00:30:00
O000108,P0029,E0029-1,8462-4,Diastolic blood pressure,72,mmHg,2024-01-08 00:30:00
O000109,P0029,E0029-2,8480-6,Systolic blood pressure,113,mmHg,2024-09-20 15:30:00
O000110,P0029,E0029-2,8462-4,Diastolic blood pressure,102,mmHg,2024-09-20 15:30:00
O000111,P0030,E0030-0,8480-6,Systolic blood pressure,151,mmHg,2024-04-27 10:30:00
O000112,P0030,E0030-0,8462-4,Diastolic blood pressure,82,mmHg,2024-04-27 10:30:00
O000113,P0031,E0031-0,8480-6,Systolic blood pressure,164,mmHg,2024-08-08 05:30:00
O000114,P0031,E0031-0,8462-4,Diastolic blood pressure,102,mmHg,2024-08-08 05:30:00
O000115,P0031,E0031-1,8480-6,Systolic blood pressure,105,mmHg,2024-05-24 19:30:00
O000116,P0031,E0031-1,8462-4,Diastolic blood pressure,89,mmHg,2024-05-24 19:30:00
O000117,P0032,E0032-0,8480-6,Systolic blood pressure,139,mmHg,2024-06-17 17:30:00
O000118,P0032,E0032-0,8462-4,Diastolic blood pressure,73,mmHg,2024-06-17 17:30:00
O000119,P0032,E0032-1,8480-6,Systolic blood pressure,110,mmHg,2024-07-01 05:30:00
O000120,P0032,E0032-1,8462-4,Diastolic blood pressure,90,mmHg,2024-07-01 05:30:00
O000121,P0033,E0033-0,8480-6,Systolic blood pressure,118,mmHg,2024-02-16 08:30:00
O000122,P0033,E0033-0,8462-4,Diastolic blood pressure,85,mmHg,2024-02-16 08:30:00
O000123,P0034,E0034-0,8480-6,Systolic blood pressure,167,mmHg,2024-04-29 02:30:00
O000124,P0034,E0034-0,8462-4,Diastolic blood pressure,108,mmHg,2024-04-29 02:30:00
O000125,P0034,E0034-1,8480-6,Systolic blood pressure,163,mmHg,2024-03-20 19:30:00
O000126,P0034,E0034-1,8462-4,Diastolic blood pressure,69,mmHg,2024-03-20 19:30:00
O000127,P0034,E0034-2,8480-6,Systolic blood pressure,105,mmHg,2024-05-25 19:30:00
O000128,P0034,E0034-2,8462-4,Diastolic blood pressure,105,mmHg,2024-05-25 19:30:00
O000129,P0035,E0035-0,8480-6,Systolic blood pressure,105,mmHg,2024-10-26 20:30:00
O000130,P0035,E0035-0,8462-4,Diastolic blood pressure,68,mmHg,2024-10-26 20:30:00
O000131,P0036,E0036-0,8480-6,Systolic blood pressure,131,mmHg,2024-01-10 20:30:00
O000132,P0036,E0036-0,8462-4,Diastolic blood pressure,91,mmHg,2024-01-10 20:30:00
O000133,P0037,E0037-0,8480-6,Systolic blood pressure,108,mmHg,2024-10-01 02:30:00
O000134,P0037,E0037-0,8462-4,Diastolic blood pressure,107,mmHg,2024-10-01 02:30:00
O000135,P0037,E0037-1,8480-6,Systolic blood pressure,133,mmHg,2024-08-30 08:30:00
O000136,P0037,E0037-1,8462-4,Diastolic blood pressure,75,mmHg,2024-08-30 08:30:00
O000137,P0037,E0037-2,8480-6,Systolic blood pressure,158,mmHg,2024-04-15 07:30:00
O000138,P0037,E0037-2,8462-4,Diastolic blood pressure,91,mmHg,2024-04-15 07:30:00
O000139,P0038,E0038-0,8480-6,Systolic blood pressure,142,mmHg,2024-04-11 02:30:00
O000140,P0038,E0038-0,8462-4,Diastolic blood pressure,76,mmHg,2024-04-11 02:30:00
O000141,P0039,E0039-0,8480-6,Systolic blood pressure,162,mmHg,2024-05-17 03:30:00
O000142,P0039,E0039-0,8462-4,Diastolic blood pressure,78,mmHg,2024-05-17 03:30:00
O000143,P0039,E0039-1,8480-6,Systolic blood pressure,159,mmHg,2024-09-21 09:30:00
O000144,P0039,E0039-1,8462-4,Diastolic blood pressure,109,mmHg,2024-09-21 09:30:00
O000145,P0040,E0040-0,8480-6,Systolic blood pressure,134,mmHg,2024-05-28 14:30:00
O000146,P0040,E0040-0,8462-4,Diastolic blood pressure,84,mmHg,2024-05-28 14:30:00
O000147,P0041,E0041-0,8480-6,Systolic blood pressure,116,mmHg,2024-09-25 08:30:00
O000148,P0041,E0041-0,8462-4,Diastolic blood pressure,98,mmHg,2024-09-25 08:30:00
O000149,P0041,E0041-1,8480-6,Systolic blood pressure,146,mmHg,2024-09-17 08:30:00
O000150,P0041,E0041-1,8462-4,Diastolic blood pressure,74,mmHg,2024-09-17 08:30:00
O000151,P0041,E0041-2,8480-6,Systolic blood pressure,100,mmHg,2024-09-11 15:30:00
O000152,P0041,E0041-2,8462-4,Diastolic blood pressure,91,mmHg,2024-09-11 15:30:00
O000153,P0042,E0042-0,8480-6,Systolic blood pressure,100,mmHg,2024-07-11 10:30:00
O000154,P0042,E0042-0,8462-4,Diastolic blood pressure,80,mmHg,2024-07-11 10:30:00
O000155,P0042,E0042-1,8480-6,Systolic blood pressure,101,mmHg,2024-06-22 12:30:00
O000156,P0042,E0042-1,8462-4,Diastolic blood pressure,107,mmHg,2024-06-22 12:30:00
O000157,P0043,E0043-0,8480-6,Systolic blood pressure,135,mmHg,2024-02-09 11:30:00
O000158,P0043,E0043-0,8462-4,Diastolic blood pressure,63,mmHg,2024-02-09 11:30:00
O000159,P0043,E0043-1,8480-6,Systolic blood pressure,119,mmHg,2024-05-23 03:30:00
O000160,P0043,E0043-1,8462-4,Diastolic blood pressure,75,mmHg,2024-05-23 03:30:00
O000161,P0043,E0043-2,8480-6,Systolic blood pressure,124,mmHg,2024-05-16 13:30:00
O000162,P0043,E0043-2,8462-4,Diastolic blood pressure,109,mmHg,2024-05-16 13:30:00
O000163,P0044,E0044-0,8480-6,Systolic blood pressure,106,mmHg,2024-10-08 06:30:00
O000164,P0044,E0044-0,8462-4,Diastolic blood pressure,106,mmHg,2024-10-08 06:30:00
O000165,P0044,E0044-1,8480-6,Systolic blood pressure,117,mmHg,2024-07-29 14:30:00
O000166,P0044,E0044-1,8462-4,Diastolic blood pressure,101,mmHg,2024-07-29 14:30:00
O000167,P0044,E0044-2,8480-6,Systolic blood pressure,121,mmHg,2024-05-26 15:30:00
O000168,P0044,E0044-2,8462-4,Diastolic blood pressure,90,mmHg,2024-05-26 15:30:00
O000169,P0045,E0045-0,8480-6,Systolic blood pressure,138,mmHg,2024-05-13 12:30:00
O000170,P0045,E0045-0,8462-4,Diastolic blood pressure,90,mmHg,2024-05-13 12:30:00
O000171,P0045,E0045-1,8480-6,Systolic blood pressure,109,mmHg,2024-10-12 12:30:00
O000172,P0045,E0045-1,8462-4,Diastolic blood pressure,73,mmHg,2024-10-12 12:30:00
O000173,P0045,E0045-2,8480-6,Systolic blood pressure,157,mmHg,2024-09-13 15:30:00
O000174,P0045,E0045-2,8462-4,Diastolic blood pressure,81,mmHg,2024-09-13 15:30:00
O000175,P0046,E0046-0,8480-6,Systolic blood pressure,140,mmHg,2024-03-30 10:30:00
O000176,P0046,E0046-0,8462-4,Diastolic blood pressure,75,mmHg,2024-03-30 10:30:00
O000177,P0047,E0047-0,8480-6,Systolic blood pressure,126,mmHg,2024-07-15 13:30:00
O000178,P0047,E0047-0,8462-4,Diastolic blood pressure,84,mmHg,2024-07-15 13:30:00
O000179,P0047,E0047-1,8480-6,Systolic blood pressure,163,mmHg,2024-05-18 10:30:00
O000180,P0047,E0047-1,8462-4,Diastolic blood pressure,77,mmHg,2024-05-18 10:30:00
O000181,P0048,E0048-0,8480-6,Systolic blood pressure,149,mmHg,2024-04-20 02:30:00
O000182,P0048,E0048-0,8462-4,Diastolic blood pressure,85,mmHg,2024-04-20 02:30:00
O000183,P0048,E0048-1,8480-6,Systolic blood pressure,102,mmHg,2024-08-16 13:30:00
O000184,P0048,E0048-1,8462-4,Diastolic blood pressure,68,mmHg,2024-08-16 13:30:00
O000185,P0048,E0048-2,8480-6,Systolic blood pressure,160,mmHg,2024-01-17 13:30:00
O000186,P0048,E0048-2,8462-4,Diastolic blood pressure,97,mmHg,2024-01-17 13:30:00
O000187,P0049,E0049-0,8480-6,Systolic blood pressure,128,mmHg,2024-08-17 07:30:00
O000188,P0049,E0049-0,8462-4,Diastolic blood pressure,69,mmHg,2024-08-17 07:30:00
O000189,P0049,E0049-1,8480-6,Systolic blood pressure,113,mmHg,2024-03-18 16:30:00
O000190,P0049,E0049-1,8462-4,Diastolic blood pressure,106,mmHg,2024-03-18 16:30:00
O000191,P0050,E0050-0,8480-6,Systolic blood pressure,116,mmHg,2024-01-20 20:30:00
O000192,P0050,E0050-0,8462-4,Diastolic blood pressure,100,mmHg,2024-01-20 20:30:00
O000193,P0050,E0050-1,8480-6,Systolic blood pressure,114,mmHg,2024-05-08 16:30:00
O000194,P0050,E0050-1,8462-4,Diastolic blood pressure,66,mmHg,2024-05-08 16:30:00
O000195,P0050,E0050-2,8480-6,Systolic blood pressure,124,mmHg,2024-02-06 09:30:00
O000196,P0050,E0050-2,8462-4,Diastolic blood pressure,84,mmHg,2024-02-06 09:30:00
O000197,P0051,E0051-0,8480-6,Systolic blood pressure,131,mmHg,2024-05-22 10:30:00
O000198,P0051,E0051-0,8462-4,Diastolic blood pressure,90,mmHg,2024-05-22 10:30:00
O000199,P0051,E0051-1,8480-6,Systolic blood pressure,103,mmHg,2024-09-26 07:30:00
O000200,P0051,E0051-1,8462-4,Diastolic blood pressure,86,mmHg,2024-09-26 07:30:00
O000201,P0052,E0052-0,8480-6,Systolic blood pressure,147,mmHg,2024-08-03 02:30:00
O000202,P0052,E0052-0,8462-4,Diastolic blood pressure,74,mmHg,2024-08-03 02:30:00
O000203,P0052,E0052-1,8480-6,Systolic blood pressure,153,mmHg,2024-09-09 01:30:00
O000204,P0052,E0052-1,8462-4,Diastolic blood pressure,83,mmHg,2024-09-09 01:30:00
O000205,P0052,E0052-2,8480-6,Systolic blood pressure,164,mmHg,2024-07-21 06:30:00
O000206,P0052,E0052-2,8462-4,Diastolic blood pressure,64,mmHg,2024-07-21 06:30:00
O000207,P0053,E0053-0,8480-6,Systolic blood pressure,137,mmHg,2024-04-23 08:30:00
O000208,P0053,E0053-0,8462-4,Diastolic blood pressure,66,mmHg,2024-04-23 08:30:00
O000209,P0053,E0053-1,8480-6,Systolic blood pressure,162,mmHg,2024-09-10 19:30:00
O000210,P0053,E0053-1,8462-4,Diastolic blood pressure,86,mmHg,2024-09-10 19:30:00
O000211,P0054,E0054-0,8480-6,Systolic blood pressure,123,mmHg,2024-03-13 13:30:00
O000212,P0054,E0054-0,8462-4,Diastolic blood pressure,85,mmHg,2024-03-13 13:30:00
O000213,P0055,E0055-0,8480-6,Systolic blood pressure,159,mmHg,2024-04-04 20:30:00
O000214,P0055,E0055-0,8462-4,Diastolic blood pressure,62,mmHg,2024-04-04 20:30:00
O000215,P0056,E0056-0,8480-6,Systolic blood pressure,153,mmHg,2024-01-02 02:30:00
O000216,P0056,E0056-0,8462-4,Diastolic blood pressure,67,mmHg,2024-01-02 02:30:00
O000217,P0057,E0057-0,8480-6,Systolic blood pressure,125,mmHg,2024-02-14 01:30:00
O000218,P0057,E0057-0,8462-4,Diastolic blood pressure,83,mmHg,2024-02-14 01:30:00
O000219,P0057,E0057-1,8480-6,Systolic blood pressure,160,mmHg,2024-10-04 14:30:00
O000220,P0057,E0057-1,8462-4,Diastolic blood pressure,61,mmHg,2024-10-04 14:30:00
O000221,P0058,E0058-0,8480-6,Systolic blood pressure,143,mmHg,2024-02-02 01:30:00
O000222,P0058,E0058-0,8462-4,Diastolic blood pressure,83,mmHg,2024-02-02 01:30:00
O000223,P0058,E0058-1,8480-6,Systolic blood pressure,105,mmHg,2024-05-19 10:30:00
O000224,P0058,E0058-1,8462-4,Diastolic blood pressure,76,mmHg,2024-05-19 10:30:00
O000225,P0059,E0059-0,8480-6,Systolic blood pressure,113,mmHg,2024-02-03 00:30:00
O000226,P0059,E0059-0,8462-4,Diastolic blood pressure,90,mmHg,2024-02-03 00:30:00
O000227,P0059,E0059-1,8480-6,Systolic blood pressure,155,mmHg,2024-08-26 12:30:00
O000228,P0059,E0059-1,8462-4,Diastolic blood pressure,91,mmHg,2024-08-26 12:30:00
O000229,P0059,E0059-2,8480-6,Systolic blood pressure,119,mmHg,2024-03-08 15:30:00
O000230,P0059,E0059-2,8462-4,Diastolic blood pressure,98,mmHg,2024-03-08 15:30:00
O000231,P0060,E0060-0,8480-6,Systolic blood pressure,131,mmHg,2024-02-10 16:30:00
O000232,P0060,E0060-0,8462-4,Diastolic blood pressure,86,mmHg,2024-02-10 16:30:00
O000233,P0060,E0060-1,8480-6,Systolic blood pressure,120,mmHg,2024-02-03 20:30:00
O000234,P0060,E0060-1,8462-4,Diastolic blood pressure,87,mmHg,2024-02-03 20:30:00
O000235,P0060,E0060-2,8480-6,Systolic blood pressure,126,mmHg,2024-02-23 02:30:00
O000236,P0060,E0060-2,8462-4,Diastolic blood pressure,66,mmHg,2024-02-23 02:30:00
O000237,P0061,E0061-0,8480-6,Systolic blood pressure,130,mmHg,2024-08-23 19:30:00
O000238,P0061,E0061-0,8462-4,Diastolic blood pressure,107,mmHg,2024-08-23 19:30:00
O000239,P0061,E0061-1,8480-6,Systolic blood pressure,137,mmHg,2024-10-02 03:30:00
O000240,P0061,E0061-1,8462-4,Diastolic blood pressure,78,mmHg,2024-10-02 03:30:00
O000241,P0062,E0062-0,8480-6,Systolic blood pressure,130,mmHg,2024-04-11 14:30:00
O000242,P0062,E0062-0,8462-4,Diastolic blood pressure,69,mmHg,2024-04-11 14:30:00
O000243,P0062,E0062-1,8480-6,Systolic blood pressure,150,mmHg,2024-05-24 18:30:00
O000244,P0062,E0062-1,8462-4,Diastolic blood pressure,76,mmHg,2024-05-24 18:30:00
O000245,P0063,E0063-0,8480-6,Systolic blood pressure,157,mmHg,2024-01-19 03:30:00
O000246,P0063,E0063-0,8462-4,Diastolic blood pressure,83,mmHg,2024-01-19 03:30:00
O000247,P0063,E0063-1,8480-6,Systolic blood pressure,124,mmHg,2024-01-21 09:30:00
O000248,P0063,E0063-1,8462-4,Diastolic blood pressure,98,mmHg,2024-01-21 09:30:00
O000249,P0064,E0064-0,8480-6,Systolic blood pressure,113,mmHg,2024-08-17 19:30:00
O000250,P0064,E0064-0,8462-4,Diastolic blood pressure,100,mmHg,2024-08-17 19:30:00
O000251,P0065,E0065-0,8480-6,Systolic blood pressure,104,mmHg,2024-03-13 01:30:00
O000252,P0065,E0065-0,8462-4,Diastolic blood pressure,98,mmHg,2024-03-13 01:30:00
O000253,P0065,E0065-1,8480-6,Systolic blood pressure,152,mmHg,2024-04-14 00:30:00
O000254,P0065,E0065-1,8462-4,Diastolic blood pressure,103,mmHg,2024-04-14 00:30:00
O000255,P0066,E0066-0,8480-6,Systolic blood pressure,150,mmHg,2024-10-07 15:30:00
O000256,P0066,E0066-0,8462-4,Diastolic blood pressure,102,mmHg,2024-10-07 15:30:00
O000257,P0066,E0066-1,8480-6,Systolic blood pressure,111,mmHg,2024-10-08 04:30:00
O000258,P0066,E0066-1,8462-4,Diastolic blood pressure,101,mmHg,2024-10-08 04:30:00
O000259,P0067,E0067-0,8480-6,Systolic blood pressure,153,mmHg,2024-08-01 01:30:00
O000260,P0067,E0067-0,8462-4,Diastolic blood pressure,86,mmHg,2024-08-01 01:30:00
O000261,P0067,E0067-1,8480-6,Systolic blood pressure,150,mmHg,2024-01-10 11:30:00
O000262,P0067,E0067-1,8462-4,Diastolic blood pressure,106,mmHg,2024-01-10 11:30:00
O000263,P0068,E0068-0,8480-6,Systolic blood pressure,146,mmHg,2024-02-16 12:30:00
O000264,P0068,E0068-0,8462-4,Diastolic blood pressure,89,mmHg,2024-02-16 12:30:00
O000265,P0069,E0069-0,8480-6,Systolic blood pressure,147,mmHg,2024-07-22 02:30:00
O000266,P0069,E0069-0,8462-4,Diastolic blood pressure,107,mmHg,2024-07-22 02:30:00
O000267,P0069,E0069-1,8480-6,Systolic blood pressure,120,mmHg,2024-09-15 05:30:00
O000268,P0069,E0069-1,8462-4,Diastolic blood pressure,93,mmHg,2024-09-15 05:30:00
O000269,P0069,E0069-2,8480-6,Systolic blood pressure,125,mmHg,2024-03-28 02:30:00
O000270,P0069,E0069-2,8462-4,Diastolic blood pressure,79,mmHg,2024-03-28 02:30:00
O000271,P0070,E0070-0,8480-6,Systolic blood pressure,120,mmHg,2024-07-17 02:30:00
O000272,P0070,E0070-0,8462-4,Diastolic blood pressure,100,mmHg,2024-07-17 02:30:00
O000273,P0070,E0070-1,8480-6,Systolic blood pressure,160,mmHg,2024-04-23 19:30:00
O000274,P0070,E0070-1,8462-4,Diastolic blood pressure,71,mmHg,2024-04-23 19:30:00
O000275,P0070,E0070-2,8480-6,Systolic blood pressure,149,mmHg,2024-10-16 06:30:00
O000276,P0070,E0070-2,8462-4,Diastolic blood pressure,82,mmHg,2024-10-16 06:30:00
O000277,P0071,E0071-0,8480-6,Systolic blood pressure,170,mmHg,2024-01-20 10:30:00
O000278,P0071,E0071-0,8462-4,Diastolic blood pressure,100,mmHg,2024-01-20 10:30:00
O000279,P0071,E0071-1,8480-6,Systolic blood pressure,154,mmHg,2024-06-05 20:30:00
O000280,P0071,E0071-1,8462-4,Diastolic blood pressure,84,mmHg,2024-06-05 20:30:00
O000281,P0071,E0071-2,8480-6,Systolic blood pressure,122,mmHg,2024-07-07 14:30:00
O000282,P0071,E0071-2,8462-4,Diastolic blood pressure,61,mmHg,2024-07-07 14:30:00
O000283,P0072,E0072-0,8480-6,Systolic blood pressure,151,mmHg,2024-08-22 05:30:00
O000284,P0072,E0072-0,8462-4,Diastolic blood pressure,66,mmHg,2024-08-22 05:30:00
O000285,P0072,E0072-1,8480-6,Systolic blood pressure,111,mmHg,2024-02-04 04:30:00
O000286,P0072,E0072-1,8462-4,Diastolic blood pressure,88,mmHg,2024-02-04 04:30:00
O000287,P0072,E0072-2,8480-6,Systolic blood pressure,105,mmHg,2024-09-15 16:30:00
O000288,P0072,E0072-2,8462-4,Diastolic blood pressure,100,mmHg,2024-09-15 16:30:00
O000289,P0073,E0073-0,8480-6,Systolic blood pressure,117,mmHg,2024-01-28 16:30:00
O000290,P0073,E0073-0,8462-4,Diastolic blood pressure,61,mmHg,2024-01-28 16:30:00
O000291,P0074,E0074-0,8480-6,Systolic blood pressure,132,mmHg,2024-03-25 07:30:00
O000292,P0074,E0074-0,8462-4,Diastolic blood pressure,70,mmHg,2024-03-25 07:30:00
O000293,P0074,E0074-1,8480-6,Systolic blood pressure,118,mmHg,2024-06-14 19:30:00
O000294,P0074,E0074-1,8462-4,Diastolic blood pressure,76,mmHg,2024-06-14 19:30:00
O000295,P0075,E0075-0,8480-6,Systolic blood pressure,123,mmHg,2024-05-01 10:30:00
O000296,P0075,E0075-0,8462-4,Diastolic blood pressure,85,mmHg,2024-05-01 10:30:00
O000297,P0075,E0075-1,8480-6,Systolic blood pressure,141,mmHg,2024-03-23 20:30:00
O000298,P0075,E0075-1,8462-4,Diastolic blood pressure,84,mmHg,2024-03-23 20:30:00
O000299,P0075,E0075-2,8480-6,Systolic blood pressure,146,mmHg,2024-03-27 08:30:00
O000300,P0075,E0075-2,8462-4,Diastolic blood pressure,88,mmHg,2024-03-27 08:30:00
O000301,P0076,E0076-0,8480-6,Systolic blood pressure,118,mmHg,2024-07-09 08:30:00
O000302,P0076,E0076-0,8462-4,Diastolic blood pressure,83,mmHg,2024-07-09 08:30:00
O000303,P0076,E0076-1,8480-6,Systolic blood pressure,106,mmHg,2024-06-18 02:30:00
O000304,P0076,E0076-1,8462-4,Diastolic blood pressure,78,mmHg,2024-06-18 02:30:00
O000305,P0077,E0077-0,8480-6,Systolic blood pressure,155,mmHg,2024-01-01 01:30:00
O000306,P0077,E0077-0,8462-4,Diastolic blood pressure,86,mmHg,2024-01-01 01:30:00
O000307,P0077,E0077-1,8480-6,Systolic blood pressure,116,mmHg,2024-09-19 11:30:00
O000308,P0077,E0077-1,8462-4,Diastolic blood pressure,91,mmHg,2024-09-19 11:30:00
O000309,P0078,E0078-0,8480-6,Systolic blood pressure,168,mmHg,2024-06-30 09:30:00
O000310,P0078,E0078-0,8462-4,Diastolic blood pressure,74,mmHg,2024-06-30 09:30:00
O000311,P0078,E0078-1,8480-6,Systolic blood pressure,126,mmHg,2024-07-30 18:30:00
O000312,P0078,E0078-1,8462-4,Diastolic blood pressure,83,mmHg,2024-07-30 18:30:00
O000313,P0078,E0078-2,8480-6,Systolic blood pressure,119,mmHg,2024-08-31 05:30:00
O000314,P0078,E0078-2,8462-4,Diastolic blood pressure,88,mmHg,2024-08-31 05:30:00
O000315,P0079,E0079-0,8480-6,Systolic blood pressure,144,mmHg,2024-01-06 01:30:00
O000316,P0079,E0079-0,8462-4,Diastolic blood pressure,98,mmHg,2024-01-06 01:30:00
O000317,P0079,E0079-1,8480-6,Systolic blood pressure,166,mmHg,2024-10-23 14:30:00
O000318,P0079,E0079-1,8462-4,Diastolic blood pressure,106,mmHg,2024-10-23 14:30:00
O000319,P0080,E0080-0,8480-6,Systolic blood pressure,107,mmHg,2024-01-13 12:30:00
O000320,P0080,E0080-0,8462-4,Diastolic blood pressure,109,mmHg,2024-01-13 12:30:00
O000321,P0080,E0080-1,8480-6,Systolic blood pressure,125,mmHg,2024-02-23 00:30:00
O000322,P0080,E0080-1,8462-4,Diastolic blood pressure,69,mmHg,2024-02-23 00:30:00
O000323,P0080,E0080-2,8480-6,Systolic blood pressure,164,mmHg,2024-07-30 06:30:00
O000324,P0080,E0080-2,8462-4,Diastolic blood pressure,101,mmHg,2024-07-30 06:30:00
O000325,P0081,E0081-0,8480-6,Systolic blood pressure,100,mmHg,2024-01-25 15:30:00
O000326,P0081,E0081-0,8462-4,Diastolic blood pressure,84,mmHg,2024-01-25 15:30:00
O000327,P0081,E0081-1,8480-6,Systolic blood pressure,122,mmHg,2024-08-11 14:30:00
O000328,P0081,E0081-1,8462-4,Diastolic blood pressure,74,mmHg,2024-08-11 14:30:00
O000329,P0082,E0082-0,8480-6,Systolic blood pressure,166,mmHg,2024-05-14 01:30:00
O000330,P0082,E0082-0,8462-4,Diastolic blood pressure,76,mmHg,2024-05-14 01:30:00
O000331,P0082,E0082-1,8480-6,Systolic blood pressure,127,mmHg,2024-05-31 20:30:00
O000332,P0082,E0082-1,8462-4,Diastolic blood pressure,65,mmHg,2024-05-31 20:30:00
O000333,P0083,E0083-0,8480-6,Systolic blood pressure,141,mmHg,2024-04-13 05:30:00
O000334,P0083,E0083-0,8462-4,Diastolic blood pressure,72,mmHg,2024-04-13 05:30:00
O000335,P0083,E0083-1,8480-6,Systolic blood pressure,148,mmHg,2024-07-18 10:30:00
O000336,P0083,E0083-1,8462-4,Diastolic blood pressure,100,mmHg,2024-07-18 10:30:00
O000337,P0083,E0083-2,8480-6,Systolic blood pressure,167,mmHg,2024-10-01 15:30:00
O000338,P0083,E0083-2,8462-4,Diastolic blood pressure,104,mmHg,2024-10-01 15:30:00
O000339,P0084,E0084-0,8480-6,Systolic blood pressure,109,mmHg,2024-04-18 12:30:00
O000340,P0084,E0084-0,8462-4,Diastolic blood pressure,96,mmHg,2024-04-18 12:30:00
O000341,P0084,E0084-1,8480-6,Systolic blood pressure,113,mmHg,2024-03-28 04:30:00
O000342,P0084,E0084-1,8462-4,Diastolic blood pressure,99,mmHg,2024-03-28 04:30:00
O000343,P0085,E0085-0,8480-6,Systolic blood pressure,108,mmHg,2024-03-11 20:30:00
O000344,P0085,E0085-0,8462-4,Diastolic blood pressure,107,mmHg,2024-03-11 20:30:00
O000345,P0086,E0086-0,8480-6,Systolic blood pressure,114,mmHg,2024-07-15 03:30:00
O000346,P0086,E0086-0,8462-4,Diastolic blood pressure,62,mmHg,2024-07-15 03:30:00
O000347,P0087,E0087-0,8480-6,Systolic blood pressure,133,mmHg,2024-04-14 09:30:00
O000348,P0087,E0087-0,8462-4,Diastolic blood pressure,61,mmHg,2024-04-14 09:30:00
O000349,P0088,E0088-0,8480-6,Systolic blood pressure,136,mmHg,2024-06-13 19:30:00
O000350,P0088,E0088-0,8462-4,Diastolic blood pressure,99,mmHg,2024-06-13 19:30:00
O000351,P0088,E0088-1,8480-6,Systolic blood pressure,144,mmHg,2024-01-16 13:30:00
O000352,P0088,E0088-1,8462-4,Diastolic blood pressure,90,mmHg,2024-01-16 13:30:00
O000353,P0089,E0089-0,8480-6,Systolic blood pressure,136,mmHg,2024-03-28 13:30:00
O000354,P0089,E0089-0,8462-4,Diastolic blood pressure,108,mmHg,2024-03-28 13:30:00
O000355,P0089,E0089-1,8480-6,Systolic blood pressure,162,mmHg,2024-01-28 00:30:00
O000356,P0089,E0089-1,8462-4,Diastolic blood pressure,104,mmHg,2024-01-28 00:30:00
O000357,P0090,E0090-0,8480-6,Systolic blood pressure,129,mmHg,2024-03-22 09:30:00
O000358,P0090,E0090-0,8462-4,Diastolic blood pressure,91,mmHg,2024-03-22 09:30:00
O000359,P0090,E0090-1,8480-6,Systolic blood pressure,110,mmHg,2024-03-25 03:30:00
O000360,P0090,E0090-1,8462-4,Diastolic blood pressure,91,mmHg,2024-03-25 03:30:00
O000361,P0090,E0090-2,8480-6,Systolic blood pressure,145,mmHg,2024-10-14 03:30:00
O000362,P0090,E0090-2,8462-4,Diastolic blood pressure,66,mmHg,2024-10-14 03:30:00
O000363,P0091,E0091-0,8480-6,Systolic blood pressure,148,mmHg,2024-04-15 09:30:00
O000364,P0091,E0091-0,8462-4,Diastolic blood pressure,100,mmHg,2024-04-15 09:30:00
O000365,P0091,E0091-1,8480-6,Systolic blood pressure,144,mmHg,2024-04-29 14:30:00
O000366,P0091,E0091-1,8462-4,Diastolic blood pressure,97,mmHg,2024-04-29 14:30:00
O000367,P0092,E0092-0,8480-6,Systolic blood pressure,132,mmHg,2024-06-14 05:30:00
O000368,P0092,E0092-0,8462-4,Diastolic blood pressure,97,mmHg,2024-06-14 05:30:00
O000369,P0092,E0092-1,8480-6,Systolic blood pressure,164,mmHg,2024-04-28 04:30:00
O000370,P0092,E0092-1,8462-4,Diastolic blood pressure,72,mmHg,2024-04-28 04:30:00
O000371,P0092,E0092-2,8480-6,Systolic blood pressure,119,mmHg,2024-05-16 09:30:00
O000372,P0092,E0092-2,8462-4,Diastolic blood pressure,106,mmHg,2024-05-16 09:30:00
O000373,P0093,E0093-0,8480-6,Systolic blood pressure,133,mmHg,2024-04-30 10:30:00
O000374,P0093,E0093-0,8462-4,Diastolic blood pressure,106,mmHg,2024-04-30 10:30:00
O000375,P0094,E0094-0,8480-6,Systolic blood pressure,113,mmHg,2024-06-03 09:30:00
O000376,P0094,E0094-0,8462-4,Diastolic blood pressure,100,mmHg,2024-06-03 09:30:00
O000377,P0095,E0095-0,8480-6,Systolic blood pressure,164,mmHg,2024-07-23 13:30:00
O000378,P0095,E0095-0,8462-4,Diastolic blood pressure,100,mmHg,2024-07-23 13:30:00
O000379,P0096,E0096-0,8480-6,Systolic blood pressure,155,mmHg,2024-07-26 00:30:00
O000380,P0096,E0096-0,8462-4,Diastolic blood pressure,104,mmHg,2024-07-26 00:30:00
O000381,P0096,E0096-1,8480-6,Systolic blood pressure,153,mmHg,2024-10-20 18:30:00
O000382,P0096,E0096-1,8462-4,Diastolic blood pressure,74,mmHg,2024-10-20 18:30:00
O000383,P0096,E0096-2,8480-6,Systolic blood pressure,115,mmHg,2024-10-25 07:30:00
O000384,P0096,E0096-2,8462-4,Diastolic blood pressure,89,mmHg,2024-10-25 07:30:00
O000385,P0097,E0097-0,8480-6,Systolic blood pressure,120,mmHg,2024-05-04 12:30:00
O000386,P0097,E0097-0,8462-4,Diastolic blood pressure,76,mmHg,2024-05-04 12:30:00
O000387,P0097,E0097-1,8480-6,Systolic blood pressure,152,mmHg,2024-08-04 15:30:00
O000388,P0097,E0097-1,8462-4,Diastolic blood pressure,93,mmHg,2024-08-04 15:30:00
O000389,P0098,E0098-0,8480-6,Systolic blood pressure,166,mmHg,2024-05-08 17:30:00
O000390,P0098,E0098-0,8462-4,Diastolic blood pressure,82,mmHg,2024-05-08 17:30:00
O000391,P0099,E0099-0,8480-6,Systolic blood pressure,147,mmHg,2024-09-19 00:30:00
O000392,P0099,E0099-0,8462-4,Diastolic blood pressure,93,mmHg,2024-09-19 00:30:00
O000393,P0099,E0099-1,8480-6,Systolic blood pressure,158,mmHg,2024-06-24 13:30:00
O000394,P0099,E0099-1,8462-4,Diastolic blood pressure,73,mmHg,2024-06-24 13:30:00
O000395,P0100,E0100-0,8480-6,Systolic blood pressure,107,mmHg,2024-01-29 08:30:00
O000396,P0100,E0100-0,8462-4,Diastolic blood pressure,60,mmHg,2024-01-29 08:30:00
O000397,P0100,E0100-1,8480-6,Systolic blood pressure,145,mmHg,2024-02-08 13:30:00
O000398,P0100,E0100-1,8462-4,Diastolic blood pressure,97,mmHg,2024-02-08 13:30:00
O000399,P0100,E0100-2,8480-6,Systolic blood pressure,167,mmHg,2024-05-15 03:30:00
O000400,P0100,E0100-2,8462-4,Diastolic blood pressure,74,mmHg,2024-05-15 03:30:00
O000401,P0101,E0101-0,8480-6,Systolic blood pressure,128,mmHg,2024-04-08 15:30:00
O000402,P0101,E0101-0,8462-4,Diastolic blood pressure,69,mmHg,2024-04-08 15:30:00
O000403,P0102,E0102-0,8480-6,Systolic blood pressure,129,mmHg,2024-08-28 11:30:00
O000404,P0102,E0102-0,8462-4,Diastolic blood pressure,77,mmHg,2024-08-28 11:30:00
O000405,P0103,E0103-0,8480-6,Systolic blood pressure,141,mmHg,2024-05-23 11:30:00
O000406,P0103,E0103-0,8462-4,Diastolic blood pressure,90,mmHg,2024-05-23 11:30:00
O000407,P0104,E0104-0,8480-6,Systolic blood pressure,117,mmHg,2024-07-16 01:30:00
O000408,P0104,E0104-0,8462-4,Diastolic blood pressure,93,mmHg,2024-07-16 01:30:00
O000409,P0104,E0104-1,8480-6,Systolic blood pressure,101,mmHg,2024-06-25 20:30:00
O000410,P0104,E0104-1,8462-4,Diastolic blood pressure,73,mmHg,2024-06-25 20:30:00
O000411,P0105,E0105-0,8480-6,Systolic blood pressure,144,mmHg,2024-04-29 05:30:00
O000412,P0105,E0105-0,8462-4,Diastolic blood pressure,110,mmHg,2024-04-29 05:30:00
O000413,P0106,E0106-0,8480-6,Systolic blood pressure,138,mmHg,2024-02-16 17:30:00
O000414,P0106,E0106-0,8462-4,Diastolic blood pressure,72,mmHg,2024-02-16 17:30:00
O000415,P0106,E0106-1,8480-6,Systolic blood pressure,156,mmHg,2024-09-10 06:30:00
O000416,P0106,E0106-1,8462-4,Diastolic blood pressure,102,mmHg,2024-09-10 06:30:00
O000417,P0106,E0106-2,8480-6,Systolic blood pressure,129,mmHg,2024-02-29 17:30:00
O000418,P0106,E0106-2,8462-4,Diastolic blood pressure,68,mmHg,2024-02-29 17:30:00
O000419,P0107,E0107-0,8480-6,Systolic blood pressure,169,mmHg,2024-09-08 07:30:00
O000420,P0107,E0107-0,8462-4,Diastolic blood pressure,98,mmHg,2024-09-08 07:30:00
O000421,P0107,E0107-1,8480-6,Systolic blood pressure,159,mmHg,2024-01-04 05:30:00
O000422,P0107,E0107-1,8462-4,Diastolic blood pressure,104,mmHg,2024-01-04 05:30:00
O000423,P0107,E0107-2,8480-6,Systolic blood pressure,159,mmHg,2024-10-15 15:30:00
O000424,P0107,E0107-2,8462-4,Diastolic blood pressure,83,mmHg,2024-10-15 15:30:00
O000425,P0108,E0108-0,8480-6,Systolic blood pressure,142,mmHg,2024-01-15 00:30:00
O000426,P0108,E0108-0,8462-4,Diastolic blood pressure,66,mmHg,2024-01-15 00:30:00
O000427,P0108,E0108-1,8480-6,Systolic blood pressure,118,mmHg,2024-09-18 15:30:00
O000428,P0108,E0108-1,8462-4,Diastolic blood pressure,62,mmHg,2024-09-18 15:30:00
O000429,P0108,E0108-2,8480-6,Systolic blood pressure,143,mmHg,2024-04-19 13:30:00
O000430,P0108,E0108-2,8462-4,Diastolic blood pressure,66,mmHg,2024-04-19 13:30:00
O000431,P0109,E0109-0,8480-6,Systolic blood pressure,170,mmHg,2024-05-25 13:30:00
O000432,P0109,E0109-0,8462-4,Diastolic blood pressure,63,mmHg,2024-05-25 13:30:00
O000433,P0110,E0110-0,8480-6,Systolic blood pressure,144,mmHg,2024-09-14 08:30:00
O000434,P0110,E0110-0,8462-4,Diastolic blood pressure,73,mmHg,2024-09-14 08:30:00
O000435,P0110,E0110-1,8480-6,Systolic blood pressure,138,mmHg,2024-09-09 03:30:00
O000436,P0110,E0110-1,8462-4,Diastolic blood pressure,68,mmHg,2024-09-09 03:30:00
O000437,P0111,E0111-0,8480-6,Systolic blood pressure,113,mmHg,2024-10-06 18:30:00
O000438,P0111,E0111-0,8462-4,Diastolic blood pressure,60,mmHg,2024-10-06 18:30:00
O000439,P0111,E0111-1,8480-6,Systolic blood pressure,160,mmHg,2024-01-24 06:30:00
O000440,P0111,E0111-1,8462-4,Diastolic blood pressure,98,mmHg,2024-01-24 06:30:00
O000441,P0112,E0112-0,8480-6,Systolic blood pressure,122,mmHg,2024-02-12 06:30:00
O000442,P0112,E0112-0,8462-4,Diastolic blood pressure,66,mmHg,2024-02-12 06:30:00
O000443,P0112,E0112-1,8480-6,Systolic blood pressure,101,mmHg,2024-04-02 01:30:00
O000444,P0112,E0112-1,8462-4,Diastolic blood pressure,83,mmHg,2024-04-02 01:30:00
O000445,P0112,E0112-2,8480-6,Systolic blood pressure,133,mmHg,2024-03-12 09:30:00
O000446,P0112,E0112-2,8462-4,Diastolic blood pressure,79,mmHg,2024-03-12 09:30:00
O000447,P0113,E0113-0,8480-6,Systolic blood pressure,166,mmHg,2024-10-23 01:30:00
O000448,P0113,E0113-0,8462-4,Diastolic blood pressure,62,mmHg,2024-10-23 01:30:00
O000449,P0113,E0113-1,8480-6,Systolic blood pressure,151,mmHg,2024-03-01 13:30:00
O000450,P0113,E0113-1,8462-4,Diastolic blood pressure,88,mmHg,2024-03-01 13:30:00
O000451,P0113,E0113-2,8480-6,Systolic blood pressure,119,mmHg,2024-02-04 00:30:00
O000452,P0113,E0113-2,8462-4,Diastolic blood pressure,90,mmHg,2024-02-04 00:30:00
O000453,P0114,E0114-0,8480-6,Systolic blood pressure,101,mmHg,2024-03-18 20:30:00
O000454,P0114,E0114-0,8462-4,Diastolic blood pressure,103,mmHg,2024-03-18 20:30:00
O000455,P0115,E0115-0,8480-6,Systolic blood pressure,106,mmHg,2024-05-21 18:30:00
O000456,P0115,E0115-0,8462-4,Diastolic blood pressure,83,mmHg,2024-05-21 18:30:00
O000457,P0116,E0116-0,8480-6,Systolic blood pressure,106,mmHg,2024-08-23 08:30:00
O000458,P0116,E0116-0,8462-4,Diastolic blood pressure,105,mmHg,2024-08-23 08:30:00
O000459,P0116,E0116-1,8480-6,Systolic blood pressure,149,mmHg,2024-01-17 00:30:00
O000460,P0116,E0116-1,8462-4,Diastolic blood pressure,79,mmHg,2024-01-17 00:30:00
O000461,P0117,E0117-0,8480-6,Systolic blood pressure,156,mmHg,2024-06-10 11:30:00
O000462,P0117,E0117-0,8462-4,Diastolic blood pressure,90,mmHg,2024-06-10 11:30:00
O000463,P0118,E0118-0,8480-6,Systolic blood pressure,134,mmHg,2024-08-01 15:30:00
O000464,P0118,E0118-0,8462-4,Diastolic blood pressure,110,mmHg,2024-08-01 15:30:00
O000465,P0118,E0118-1,8480-6,Systolic blood pressure,142,mmHg,2024-10-17 10:30:00
O000466,P0118,E0118-1,8462-4,Diastolic blood pressure,98,mmHg,2024-10-17 10:30:00
O000467,P0118,E0118-2,8480-6,Systolic blood pressure,139,mmHg,2024-01-08 04:30:00
O000468,P0118,E0118-2,8462-4,Diastolic blood pressure,97,mmHg,2024-01-08 04:30:00
O000469,P0119,E0119-0,8480-6,Systolic blood pressure,141,mmHg,2024-04-29 14:30:00
O000470,P0119,E0119-0,8462-4,Diastolic blood pressure,76,mmHg,2024-04-29 14:30:00
O000471,P0119,E0119-1,8480-6,Systolic blood pressure,136,mmHg,2024-05-17 13:30:00
O000472,P0119,E0119-1,8462-4,Diastolic blood pressure,69,mmHg,2024-05-17 13:30:00
O000473,P0119,E0119-2,8480-6,Systolic blood pressure,144,mmHg,2024-10-19 04:30:00
O000474,P0119,E0119-2,8462-4,Diastolic blood pressure,94,mmHg,2024-10-19 04:30:00
O000475,P0120,E0120-0,8480-6,Systolic blood pressure,150,mmHg,2024-04-29 09:30:00
O000476,P0120,E0120-0,8462-4,Diastolic blood pressure,89,mmHg,2024-04-29 09:30:00
O000477,P0120,E0120-1,8480-6,Systolic blood pressure,101,mmHg,2024-04-15 08:30:00
O000478,P0120,E0120-1,8462-4,Diastolic blood pressure,110,mmHg,2024-04-15 08:30:00
O000479,P0120,E0120-2,8480-6,Systolic blood pressure,168,mmHg,2024-07-16 14:30:00
O000480,P0120,E0120-2,8462-4,Diastolic blood pressure,82,mmHg,2024-07-16 14:30:00
O000481,P0121,E0121-0,8480-6,Systolic blood pressure,125,mmHg,2024-06-13 15:30:00
O000482,P0121,E0121-0,8462-4,Diastolic blood pressure,72,mmHg,2024-06-13 15:30:00
O000483,P0121,E0121-1,8480-6,Systolic blood pressure,146,mmHg,2024-04-18 06:30:00
O000484,P0121,E0121-1,8462-4,Diastolic blood pressure,96,mmHg,2024-04-18 06:30:00
O000485,P0121,E0121-2,8480-6,Systolic blood pressure,131,mmHg,2024-10-15 11:30:00
O000486,P0121,E0121-2,8462-4,Diastolic blood pressure,62,mmHg,2024-10-15 11:30:00
O000487,P0122,E0122-0,8480-6,Systolic blood pressure,144,mmHg,2024-03-20 10:30:00
O000488,P0122,E0122-0,8462-4,Diastolic blood pressure,77,mmHg,2024-03-20 10:30:00
O000489,P0123,E0123-0,8480-6,Systolic blood pressure,133,mmHg,2024-09-05 18:30:00
O000490,P0123,E0123-0,8462-4,Diastolic blood pressure,109,mmHg,2024-09-05 18:30:00
O000491,P0123,E0123-1,8480-6,Systolic blood pressure,116,mmHg,2024-05-23 13:30:00
O000492,P0123,E0123-1,8462-4,Diastolic blood pressure,76,mmHg,2024-05-23 13:30:00
O000493,P0123,E0123-2,8480-6,Systolic blood pressure,148,mmHg,2024-01-20 10:30:00
O000494,P0123,E0123-2,8462-4,Diastolic blood pressure,65,mmHg,2024-01-20 10:30:00
O000495,P0124,E0124-0,8480-6,Systolic blood pressure,108,mmHg,2024-08-22 15:30:00
O000496,P0124,E0124-0,8462-4,Diastolic blood pressure,98,mmHg,2024-08-22 15:30:00
O000497,P0124,E0124-1,8480-6,Systolic blood pressure,111,mmHg,2024-07-22 03:30:00
O000498,P0124,E0124-1,8462-4,Diastolic blood pressure,76,mmHg,2024-07-22 03:30:00
O000499,P0124,E0124-2,8480-6,Systolic blood pressure,164,mmHg,2024-06-12 18:30:00
O000500,P0124,E0124-2,8462-4,Diastolic blood pressure,85,mmHg,2024-06-12 18:30:00
O000501,P0125,E0125-0,8480-6,Systolic blood pressure,145,mmHg,2024-03-29 01:30:00
O000502,P0125,E0125-0,8462-4,Diastolic blood pressure,63,mmHg,2024-03-29 01:30:00
O000503,P0126,E0126-0,8480-6,Systolic blood pressure,100,mmHg,2024-09-04 01:30:00
O000504,P0126,E0126-0,8462-4,Diastolic blood pressure,72,mmHg,2024-09-04 01:30:00
O000505,P0126,E0126-1,8480-6,Systolic blood pressure,113,mmHg,2024-06-01 18:30:00
O000506,P0126,E0126-1,8462-4,Diastolic blood pressure,90,mmHg,2024-06-01 18:30:00
O000507,P0126,E0126-2,8480-6,Systolic blood pressure,147,mmHg,2024-06-14 11:30:00
O000508,P0126,E0126-2,8462-4,Diastolic blood pressure,90,mmHg,2024-06-14 11:30:00
O000509,P0127,E0127-0,8480-6,Systolic blood pressure,120,mmHg,2024-08-27 06:30:00
O000510,P0127,E0127-0,8462-4,Diastolic blood pressure,74,mmHg,2024-08-27 06:30:00
O000511,P0128,E0128-0,8480-6,Systolic blood pressure,109,mmHg,2024-02-19 12:30:00
O000512,P0128,E0128-0,8462-4,Diastolic blood pressure,88,mmHg,2024-02-19 12:30:00
O000513,P0128,E0128-1,8480-6,Systolic blood pressure,161,mmHg,2024-06-22 10:30:00
O000514,P0128,E0128-1,8462-4,Diastolic blood pressure,67,mmHg,2024-06-22 10:30:00
O000515,P0129,E0129-0,8480-6,Systolic blood pressure,156,mmHg,2024-08-19 17:30:00
O000516,P0129,E0129-0,8462-4,Diastolic blood pressure,69,mmHg,2024-08-19 17:30:00
O000517,P0130,E0130-0,8480-6,Systolic blood pressure,133,mmHg,2024-10-19 09:30:00
O000518,P0130,E0130-0,8462-4,Diastolic blood pressure,91,mmHg,2024-10-19 09:30:00
O000519,P0130,E0130-1,8480-6,Systolic blood pressure,161,mmHg,2024-02-25 10:30:00
O000520,P0130,E0130-1,8462-4,Diastolic blood pressure,67,mmHg,2024-02-25 10:30:00
O000521,P0131,E0131-0,8480-6,Systolic blood pressure,146,mmHg,2024-09-01 09:30:00
O000522,P0131,E0131-0,8462-4,Diastolic blood pressure,87,mmHg,2024-09-01 09:30:00
O000523,P0131,E0131-1,8480-6,Systolic blood pressure,112,mmHg,2024-05-13 07:30:00
O000524,P0131,E0131-1,8462-4,Diastolic blood pressure,84,mmHg,2024-05-13 07:30:00
O000525,P0131,E0131-2,8480-6,Systolic blood pressure,107,mmHg,2024-05-28 13:30:00
O000526,P0131,E0131-2,8462-4,Diastolic blood pressure,106,mmHg,2024-05-28 13:30:00
O000527,P0132,E0132-0,8480-6,Systolic blood pressure,123,mmHg,2024-03-12 14:30:00
O000528,P0132,E0132-0,8462-4,Diastolic blood pressure,83,mmHg,2024-03-12 14:30:00
O000529,P0132,E0132-1,8480-6,Systolic blood pressure,127,mmHg,2024-08-10 01:30:00
O000530,P0132,E0132-1,8462-4,Diastolic blood pressure,77,mmHg,2024-08-10 01:30:00
O000531,P0132,E0132-2,8480-6,Systolic blood pressure,166,mmHg,2024-10-19 05:30:00
O000532,P0132,E0132-2,8462-4,Diastolic blood pressure,109,mmHg,2024-10-19 05:30:00
O000533,P0133,E0133-0,8480-6,Systolic blood pressure,124,mmHg,2024-09-10 08:30:00
O000534,P0133,E0133-0,8462-4,Diastolic blood pressure,97,mmHg,2024-09-10 08:30:00
O000535,P0134,E0134-0,8480-6,Systolic blood pressure,144,mmHg,2024-07-27 01:30:00
O000536,P0134,E0134-0,8462-4,Diastolic blood pressure,81,mmHg,2024-07-27 01:30:00
O000537,P0134,E0134-1,8480-6,Systolic blood pressure,163,mmHg,2024-05-24 20:30:00
O000538,P0134,E0134-1,8462-4,Diastolic blood pressure,65,mmHg,2024-05-24 20:30:00
O000539,P0134,E0134-2,8480-6,Systolic blood pressure,161,mmHg,2024-01-08 13:30:00
O000540,P0134,E0134-2,8462-4,Diastolic blood pressure,68,mmHg,2024-01-08 13:30:00
O000541,P0135,E0135-0,8480-6,Systolic blood pressure,100,mmHg,2024-07-09 18:30:00
O000542,P0135,E0135-0,8462-4,Diastolic blood pressure,82,mmHg,2024-07-09 18:30:00
O000543,P0136,E0136-0,8480-6,Systolic blood pressure,107,mmHg,2024-06-13 12:30:00
O000544,P0136,E0136-0,8462-4,Diastolic blood pressure,78,mmHg,2024-06-13 12:30:00
O000545,P0137,E0137-0,8480-6,Systolic blood pressure,128,mmHg,2024-03-09 00:30:00
O000546,P0137,E0137-0,8462-4,Diastolic blood pressure,99,mmHg,2024-03-09 00:30:00
O000547,P0137,E0137-1,8480-6,Systolic blood pressure,103,mmHg,2024-04-03 05:30:00
O000548,P0137,E0137-1,8462-4,Diastolic blood pressure,61,mmHg,2024-04-03 05:30:00
O000549,P0137,E0137-2,8480-6,Systolic blood pressure,166,mmHg,2024-02-19 06:30:00
O000550,P0137,E0137-2,8462-4,Diastolic blood pressure,75,mmHg,2024-02-19 06:30:00
O000551,P0138,E0138-0,8480-6,Systolic blood pressure,164,mmHg,2024-05-19 03:30:00
O000552,P0138,E0138-0,8462-4,Diastolic blood pressure,108,mmHg,2024-05-19 03:30:00
O000553,P0139,E0139-0,8480-6,Systolic blood pressure,150,mmHg,2024-04-26 07:30:00
O000554,P0139,E0139-0,8462-4,Diastolic blood pressure,70,mmHg,2024-04-26 07:30:00
O000555,P0139,E0139-1,8480-6,Systolic blood pressure,167,mmHg,2024-01-10 20:30:00
O000556,P0139,E0139-1,8462-4,Diastolic blood pressure,62,mmHg,2024-01-10 20:30:00
O000557,P0139,E0139-2,8480-6,Systolic blood pressure,143,mmHg,2024-07-21 01:30:00
O000558,P0139,E0139-2,8462-4,Diastolic blood pressure,85,mmHg,2024-07-21 01:30:00
O000559,P0140,E0140-0,8480-6,Systolic blood pressure,145,mmHg,2024-07-24 17:30:00
O000560,P0140,E0140-0,8462-4,Diastolic blood pressure,75,mmHg,2024-07-24 17:30:00
O000561,P0140,E0140-1,8480-6,Systolic blood pressure,167,mmHg,2024-08-04 20:30:00
O000562,P0140,E0140-1,8462-4,Diastolic blood pressure,71,mmHg,2024-08-04 20:30:00
O000563,P0141,E0141-0,8480-6,Systolic blood pressure,158,mmHg,2024-04-25 04:30:00
O000564,P0141,E0141-0,8462-4,Diastolic blood pressure,100,mmHg,2024-04-25 04:30:00
O000565,P0142,E0142-0,8480-6,Systolic blood pressure,104,mmHg,2024-05-19 20:30:00
O000566,P0142,E0142-0,8462-4,Diastolic blood pressure,99,mmHg,2024-05-19 20:30:00
O000567,P0142,E0142-1,8480-6,Systolic blood pressure,155,mmHg,2024-02-21 08:30:00
O000568,P0142,E0142-1,8462-4,Diastolic blood pressure,75,mmHg,2024-02-21 08:30:00
O000569,P0142,E0142-2,8480-6,Systolic blood pressure,121,mmHg,2024-01-21 09:30:00
O000570,P0142,E0142-2,8462-4,Diastolic blood pressure,67,mmHg,2024-01-21 09:30:00
O000571,P0143,E0143-0,8480-6,Systolic blood pressure,137,mmHg,2024-03-16 14:30:00
O000572,P0143,E0143-0,8462-4,Diastolic blood pressure,86,mmHg,2024-03-16 14:30:00
O000573,P0143,E0143-1,8480-6,Systolic blood pressure,169,mmHg,2024-10-22 09:30:00
O000574,P0143,E0143-1,8462-4,Diastolic blood pressure,78,mmHg,2024-10-22 09:30:00
O000575,P0143,E0143-2,8480-6,Systolic blood pressure,128,mmHg,2024-08-20 19:30:00
O000576,P0143,E0143-2,8462-4,Diastolic blood pressure,101,mmHg,2024-08-20 19:30:00
O000577,P0144,E0144-0,8480-6,Systolic blood pressure,103,mmHg,2024-09-01 15:30:00
O000578,P0144,E0144-0,8462-4,Diastolic blood pressure,75,mmHg,2024-09-01 15:30:00
O000579,P0144,E0144-1,8480-6,Systolic blood pressure,150,mmHg,2024-06-19 07:30:00
O000580,P0144,E0144-1,8462-4,Diastolic blood pressure,60,mmHg,2024-06-19 07:30:00
O000581,P0144,E0144-2,8480-6,Systolic blood pressure,130,mmHg,2024-06-29 05:30:00
O000582,P0144,E0144-2,8462-4,Diastolic blood pressure,80,mmHg,2024-06-29 05:30:00
O000583,P0145,E0145-0,8480-6,Systolic blood pressure,144,mmHg,2024-01-30 00:30:00
O000584,P0145,E0145-0,8462-4,Diastolic blood pressure,88,mmHg,2024-01-30 00:30:00
O000585,P0145,E0145-1,8480-6,Systolic blood pressure,145,mmHg,2024-02-01 16:30:00
O000586,P0145,E0145-1,8462-4,Diastolic blood pressure,107,mmHg,2024-02-01 16:30:00
O000587,P0146,E0146-0,8480-6,Systolic blood pressure,135,mmHg,2024-06-21 11:30:00
O000588,P0146,E0146-0,8462-4,Diastolic blood pressure,93,mmHg,2024-06-21 11:30:00
O000589,P0146,E0146-1,8480-6,Systolic blood pressure,152,mmHg,2024-02-18 15:30:00
O000590,P0146,E0146-1,8462-4,Diastolic blood pressure,66,mmHg,2024-02-18 15:30:00
O000591,P0147,E0147-0,8480-6,Systolic blood pressure,114,mmHg,2024-08-01 08:30:00
O000592,P0147,E0147-0,8462-4,Diastolic blood pressure,84,mmHg,2024-08-01 08:30:00
O000593,P0148,E0148-0,8480-6,Systolic blood pressure,149,mmHg,2024-07-19 16:30:00
O000594,P0148,E0148-0,8462-4,Diastolic blood pressure,101,mmHg,2024-07-19 16:30:00
O000595,P0148,E0148-1,8480-6,Systolic blood pressure,163,mmHg,2024-06-13 00:30:00
O000596,P0148,E0148-1,8462-4,Diastolic blood pressure,84,mmHg,2024-06-13 00:30:00
O000597,P0149,E0149-0,8480-6,Systolic blood pressure,111,mmHg,2024-08-11 18:30:00
O000598,P0149,E0149-0,8462-4,Diastolic blood pressure,81,mmHg,2024-08-11 18:30:00
O000599,P0150,E0150-0,8480-6,Systolic blood pressure,138,mmHg,2024-01-14 01:30:00
O000600,P0150,E0150-0,8462-4,Diastolic blood pressure,94,mmHg,2024-01-14 01:30:00
O000601,P0151,E0151-0,8480-6,Systolic blood pressure,105,mmHg,2024-08-08 12:30:00
O000602,P0151,E0151-0,8462-4,Diastolic blood pressure,98,mmHg,2024-08-08 12:30:00
O000603,P0151,E0151-1,8480-6,Systolic blood pressure,108,mmHg,2024-06-28 14:30:00
O000604,P0151,E0151-1,8462-4,Diastolic blood pressure,93,mmHg,2024-06-28 14:30:00
O000605,P0151,E0151-2,8480-6,Systolic blood pressure,119,mmHg,2024-04-27 03:30:00
O000606,P0151,E0151-2,8462-4,Diastolic blood pressure,72,mmHg,2024-04-27 03:30:00
O000607,P0152,E0152-0,8480-6,Systolic blood pressure,146,mmHg,2024-09-28 02:30:00
O000608,P0152,E0152-0,8462-4,Diastolic blood pressure,64,mmHg,2024-09-28 02:30:00
O000609,P0152,E0152-1,8480-6,Systolic blood pressure,143,mmHg,2024-06-08 16:30:00
O000610,P0152,E0152-1,8462-4,Diastolic blood pressure,92,mmHg,2024-06-08 16:30:00
O000611,P0153,E0153-0,8480-6,Systolic blood pressure,145,mmHg,2024-04-06 13:30:00
O000612,P0153,E0153-0,8462-4,Diastolic blood pressure,96,mmHg,2024-04-06 13:30:00
O000613,P0153,E0153-1,8480-6,Systolic blood pressure,139,mmHg,2024-01-22 13:30:00
O000614,P0153,E0153-1,8462-4,Diastolic blood pressure,105,mmHg,2024-01-22 13:30:00
O000615,P0153,E0153-2,8480-6,Systolic blood pressure,150,mmHg,2024-10-10 00:30:00
O000616,P0153,E0153-2,8462-4,Diastolic blood pressure,66,mmHg,2024-10-10 00:30:00
O000617,P0154,E0154-0,8480-6,Systolic blood pressure,168,mmHg,2024-10-17 08:30:00
O000618,P0154,E0154-0,8462-4,Diastolic blood pressure,92,mmHg,2024-10-17 08:30:00
O000619,P0154,E0154-1,8480-6,Systolic blood pressure,118,mmHg,2024-03-14 18:30:00
O000620,P0154,E0154-1,8462-4,Diastolic blood pressure,70,mmHg,2024-03-14 18:30:00
O000621,P0154,E0154-2,8480-6,Systolic blood pressure,109,mmHg,2024-09-22 16:30:00
O000622,P0154,E0154-2,8462-4,Diastolic blood pressure,70,mmHg,2024-09-22 16:30:00
O000623,P0155,E0155-0,8480-6,Systolic blood pressure,145,mmHg,2024-01-07 18:30:00
O000624,P0155,E0155-0,8462-4,Diastolic blood pressure,77,mmHg,2024-01-07 18:30:00
O000625,P0156,E0156-0,8480-6,Systolic blood pressure,102,mmHg,2024-02-02 11:30:00
O000626,P0156,E0156-0,8462-4,Diastolic blood pressure,63,mmHg,2024-02-02 11:30:00
O000627,P0156,E0156-1,8480-6,Systolic blood pressure,105,mmHg,2024-04-22 12:30:00
O000628,P0156,E0156-1,8462-4,Diastolic blood pressure,88,mmHg,2024-04-22 12:30:00
O000629,P0156,E0156-2,8480-6,Systolic blood pressure,105,mmHg,2024-01-28 19:30:00
O000630,P0156,E0156-2,8462-4,Diastolic blood pressure,70,mmHg,2024-01-28 19:30:00
O000631,P0157,E0157-0,8480-6,Systolic blood pressure,108,mmHg,2024-05-09 15:30:00
O000632,P0157,E0157-0,8462-4,Diastolic blood pressure,75,mmHg,2024-05-09 15:30:00
O000633,P0157,E0157-1,8480-6,Systolic blood pressure,151,mmHg,2024-07-18 18:30:00
O000634,P0157,E0157-1,8462-4,Diastolic blood pressure,105,mmHg,2024-07-18 18:30:00
O000635,P0158,E0158-0,8480-6,Systolic blood pressure,150,mmHg,2024-07-13 05:30:00
O000636,P0158,E0158-0,8462-4,Diastolic blood pressure,95,mmHg,2024-07-13 05:30:00
O000637,P0158,E0158-1,8480-6,Systolic blood pressure,142,mmHg,2024-07-04 03:30:00
O000638,P0158,E0158-1,8462-4,Diastolic blood pressure,85,mmHg,2024-07-04 03:30:00
O000639,P0159,E0159-0,8480-6,Systolic blood pressure,144,mmHg,2024-07-17 06:30:00
O000640,P0159,E0159-0,8462-4,Diastolic blood pressure,75,mmHg,2024-07-17 06:30:00
O000641,P0160,E0160-0,8480-6,Systolic blood pressure,169,mmHg,2024-05-03 04:30:00
O000642,P0160,E0160-0,8462-4,Diastolic blood pressure,110,mmHg,2024-05-03 04:30:00
O000643,P0161,E0161-0,8480-6,Systolic blood pressure,148,mmHg,2024-06-29 06:30:00
O000644,P0161,E0161-0,8462-4,Diastolic blood pressure,100,mmHg,2024-06-29 06:30:00
O000645,P0161,E0161-1,8480-6,Systolic blood pressure,164,mmHg,2024-10-24 06:30:00
O000646,P0161,E0161-1,8462-4,Diastolic blood pressure,73,mmHg,2024-10-24 06:30:00
O000647,P0162,E0162-0,8480-6,Systolic blood pressure,151,mmHg,2024-10-27 11:30:00
O000648,P0162,E0162-0,8462-4,Diastolic blood pressure,98,mmHg,2024-10-27 11:30:00
O000649,P0162,E0162-1,8480-6,Systolic blood pressure,165,mmHg,2024-09-18 06:30:00
O000650,P0162,E0162-1,8462-4,Diastolic blood pressure,65,mmHg,2024-09-18 06:30:00
O000651,P0163,E0163-0,8480-6,Systolic blood pressure,122,mmHg,2024-03-15 09:30:00
O000652,P0163,E0163-0,8462-4,Diastolic blood pressure,109,mmHg,2024-03-15 09:30:00
O000653,P0163,E0163-1,8480-6,Systolic blood pressure,108,mmHg,2024-04-28 10:30:00
O000654,P0163,E0163-1,8462-4,Diastolic blood pressure,95,mmHg,2024-04-28 10:30:00
O000655,P0163,E0163-2,8480-6,Systolic blood pressure,124,mmHg,2024-07-04 16:30:00
O000656,P0163,E0163-2,8462-4,Diastolic blood pressure,64,mmHg,2024-07-04 16:30:00
O000657,P0164,E0164-0,8480-6,Systolic blood pressure,116,mmHg,2024-07-23 09:30:00
O000658,P0164,E0164-0,8462-4,Diastolic blood pressure,77,mmHg,2024-07-23 09:30:00
O000659,P0164,E0164-1,8480-6,Systolic blood pressure,152,mmHg,2024-03-31 00:30:00
O000660,P0164,E0164-1,8462-4,Diastolic blood pressure,61,mmHg,2024-03-31 00:30:00
O000661,P0164,E0164-2,8480-6,Systolic blood pressure,151,mmHg,2024-08-24 07:30:00
O000662,P0164,E0164-2,8462-4,Diastolic blood pressure,82,mmHg,2024-08-24 07:30:00
O000663,P0165,E0165-0,8480-6,Systolic blood pressure,155,mmHg,2024-04-22 01:30:00
O000664,P0165,E0165-0,8462-4,Diastolic blood pressure,72,mmHg,2024-04-22 01:30:00
O000665,P0165,E0165-1,8480-6,Systolic blood pressure,170,mmHg,2024-06-04 04:30:00
O000666,P0165,E0165-1,8462-4,Diastolic blood pressure,79,mmHg,2024-06-04 04:30:00
O000667,P0165,E0165-2,8480-6,Systolic blood pressure,163,mmHg,2024-04-01 18:30:00
O000668,P0165,E0165-2,8462-4,Diastolic blood pressure,105,mmHg,2024-04-01 18:30:00
O000669,P0166,E0166-0,8480-6,Systolic blood pressure,136,mmHg,2024-01-01 03:30:00
O000670,P0166,E0166-0,8462-4,Diastolic blood pressure,62,mmHg,2024-01-01 03:30:00
O000671,P0166,E0166-1,8480-6,Systolic blood pressure,131,mmHg,2024-10-26 19:30:00
O000672,P0166,E0166-1,8462-4,Diastolic blood pressure,103,mmHg,2024-10-26 19:30:00
O000673,P0167,E0167-0,8480-6,Systolic blood pressure,128,mmHg,2024-08-01 12:30:00
O000674,P0167,E0167-0,8462-4,Diastolic blood pressure,77,mmHg,2024-08-01 12:30:00
O000675,P0168,E0168-0,8480-6,Systolic blood pressure,165,mmHg,2024-09-14 20:30:00
O000676,P0168,E0168-0,8462-4,Diastolic blood pressure,63,mmHg,2024-09-14 20:30:00
O000677,P0168,E0168-1,8480-6,Systolic blood pressure,116,mmHg,2024-04-15 13:30:00
O000678,P0168,E0168-1,8462-4,Diastolic blood pressure,91,mmHg,2024-04-15 13:30:00
O000679,P0168,E0168-2,8480-6,Systolic blood pressure,133,mmHg,2024-04-06 01:30:00
O000680,P0168,E0168-2,8462-4,Diastolic blood pressure,71,mmHg,2024-04-06 01:30:00
O000681,P0169,E0169-0,8480-6,Systolic blood pressure,125,mmHg,2024-03-27 11:30:00
O000682,P0169,E0169-0,8462-4,Diastolic blood pressure,100,mmHg,2024-03-27 11:30:00
O000683,P0170,E0170-0,8480-6,Systolic blood pressure,100,mmHg,2024-09-04 07:30:00
O000684,P0170,E0170-0,8462-4,Diastolic blood pressure,92,mmHg,2024-09-04 07:30:00
O000685,P0170,E0170-1,8480-6,Systolic blood pressure,144,mmHg,2024-08-15 04:30:00
O000686,P0170,E0170-1,8462-4,Diastolic blood pressure,104,mmHg,2024-08-15 04:30:00
O000687,P0170,E0170-2,8480-6,Systolic blood pressure,118,mmHg,2024-06-02 04:30:00
O000688,P0170,E0170-2,8462-4,Diastolic blood pressure,97,mmHg,2024-06-02 04:30:00
O000689,P0171,E0171-0,8480-6,Systolic blood pressure,159,mmHg,2024-03-27 04:30:00
O000690,P0171,E0171-0,8462-4,Diastolic blood pressure,109,mmHg,2024-03-27 04:30:00
O000691,P0171,E0171-1,8480-6,Systolic blood pressure,101,mmHg,2024-07-26 06:30:00
O000692,P0171,E0171-1,8462-4,Diastolic blood pressure,83,mmHg,2024-07-26 06:30:00
O000693,P0172,E0172-0,8480-6,Systolic blood pressure,120,mmHg,2024-02-26 09:30:00
O000694,P0172,E0172-0,8462-4,Diastolic blood pressure,80,mmHg,2024-02-26 09:30:00
O000695,P0173,E0173-0,8480-6,Systolic blood pressure,162,mmHg,2024-01-24 00:30:00
O000696,P0173,E0173-0,8462-4,Diastolic blood pressure,65,mmHg,2024-01-24 00:30:00
O000697,P0174,E0174-0,8480-6,Systolic blood pressure,141,mmHg,2024-09-07 06:30:00
O000698,P0174,E0174-0,8462-4,Diastolic blood pressure,60,mmHg,2024-09-07 06:30:00
O000699,P0174,E0174-1,8480-6,Systolic blood pressure,132,mmHg,2024-07-02 02:30:00
O000700,P0174,E0174-1,8462-4,Diastolic blood pressure,101,mmHg,2024-07-02 02:30:00
O000701,P0175,E0175-0,8480-6,Systolic blood pressure,113,mmHg,2024-03-15 09:30:00
O000702,P0175,E0175-0,8462-4,Diastolic blood pressure,110,mmHg,2024-03-15 09:30:00
O000703,P0175,E0175-1,8480-6,Systolic blood pressure,145,mmHg,2024-06-07 19:30:00
O000704,P0175,E0175-1,8462-4,Diastolic blood pressure,80,mmHg,2024-06-07 19:30:00
O000705,P0176,E0176-0,8480-6,Systolic blood pressure,106,mmHg,2024-05-02 01:30:00
O000706,P0176,E0176-0,8462-4,Diastolic blood pressure,73,mmHg,2024-05-02 01:30:00
O000707,P0176,E0176-1,8480-6,Systolic blood pressure,120,mmHg,2024-09-10 13:30:00
O000708,P0176,E0176-1,8462-4,Diastolic blood pressure,79,mmHg,2024-09-10 13:30:00
O000709,P0177,E0177-0,8480-6,Systolic blood pressure,151,mmHg,2024-03-11 14:30:00
O000710,P0177,E0177-0,8462-4,Diastolic blood pressure,65,mmHg,2024-03-11 14:30:00
O000711,P0178,E0178-0,8480-6,Systolic blood pressure,165,mmHg,2024-01-02 01:30:00
O000712,P0178,E0178-0,8462-4,Diastolic blood pressure,87,mmHg,2024-01-02 01:30:00
O000713,P0178,E0178-1,8480-6,Systolic blood pressure,165,mmHg,2024-03-14 09:30:00
O000714,P0178,E0178-1,8462-4,Diastolic blood pressure,105,mmHg,2024-03-14 09:30:00
O000715,P0179,E0179-0,8480-6,Systolic blood pressure,144,mmHg,2024-03-25 12:30:00
O000716,P0179,E0179-0,8462-4,Diastolic blood pressure,96,mmHg,2024-03-25 12:30:00
O000717,P0180,E0180-0,8480-6,Systolic blood pressure,119,mmHg,2024-08-07 17:30:00
O000718,P0180,E0180-0,8462-4,Diastolic blood pressure,85,mmHg,2024-08-07 17:30:00
O000719,P0180,E0180-1,8480-6,Systolic blood pressure,142,mmHg,2024-02-11 01:30:00
O000720,P0180,E0180-1,8462-4,Diastolic blood pressure,98,mmHg,2024-02-11 01:30:00
O000721,P0181,E0181-0,8480-6,Systolic blood pressure,167,mmHg,2024-03-11 09:30:00
O000722,P0181,E0181-0,8462-4,Diastolic blood pressure,100,mmHg,2024-03-11 09:30:00
O000723,P0181,E0181-1,8480-6,Systolic blood pressure,110,mmHg,2024-01-15 06:30:00
O000724,P0181,E0181-1,8462-4,Diastolic blood pressure,69,mmHg,2024-01-15 06:30:00
O000725,P0181,E0181-2,8480-6,Systolic blood pressure,153,mmHg,2024-10-23 11:30:00
O000726,P0181,E0181-2,8462-4,Diastolic blood pressure,83,mmHg,2024-10-23 11:30:00
O000727,P0182,E0182-0,8480-6,Systolic blood pressure,114,mmHg,2024-04-02 06:30:00
O000728,P0182,E0182-0,8462-4,Diastolic blood pressure,74,mmHg,2024-04-02 06:30:00
O000729,P0183,E0183-0,8480-6,Systolic blood pressure,128,mmHg,2024-09-07 07:30:00
O000730,P0183,E0183-0,8462-4,Diastolic blood pressure,94,mmHg,2024-09-07 07:30:00
O000731,P0183,E0183-1,8480-6,Systolic blood pressure,110,mmHg,2024-10-20 03:30:00
O000732,P0183,E0183-1,8462-4,Diastolic blood pressure,86,mmHg,2024-10-20 03:30:00
O000733,P0183,E0183-2,8480-6,Systolic blood pressure,165,mmHg,2024-02-07 14:30:00
O000734,P0183,E0183-2,8462-4,Diastolic blood pressure,66,mmHg,2024-02-07 14:30:00
O000735,P0184,E0184-0,8480-6,Systolic blood pressure,107,mmHg,2024-03-11 11:30:00
O000736,P0184,E0184-0,8462-4,Diastolic blood pressure,85,mmHg,2024-03-11 11:30:00
O000737,P0185,E0185-0,8480-6,Systolic blood pressure,154,mmHg,2024-04-19 14:30:00
O000738,P0185,E0185-0,8462-4,Diastolic blood pressure,65,mmHg,2024-04-19 14:30:00
O000739,P0185,E0185-1,8480-6,Systolic blood pressure,121,mmHg,2024-04-13 18:30:00
O000740,P0185,E0185-1,8462-4,Diastolic blood pressure,83,mmHg,2024-04-13 18:30:00
O000741,P0185,E0185-2,8480-6,Systolic blood pressure,115,mmHg,2024-06-23 00:30:00
O000742,P0185,E0185-2,8462-4,Diastolic blood pressure,75,mmHg,2024-06-23 00:30:00
O000743,P0186,E0186-0,8480-6,Systolic blood pressure,114,mmHg,2024-06-29 03:30:00
O000744,P0186,E0186-0,8462-4,Diastolic blood pressure,62,mmHg,2024-06-29 03:30:00
O000745,P0186,E0186-1,8480-6,Systolic blood pressure,102,mmHg,2024-05-04 08:30:00
O000746,P0186,E0186-1,8462-4,Diastolic blood pressure,97,mmHg,2024-05-04 08:30:00
O000747,P0186,E0186-2,8480-6,Systolic blood pressure,162,mmHg,2024-08-13 03:30:00
O000748,P0186,E0186-2,8462-4,Diastolic blood pressure,67,mmHg,2024-08-13 03:30:00
O000749,P0187,E0187-0,8480-6,Systolic blood pressure,132,mmHg,2024-07-13 04:30:00
O000750,P0187,E0187-0,8462-4,Diastolic blood pressure,94,mmHg,2024-07-13 04:30:00
O000751,P0187,E0187-1,8480-6,Systolic blood pressure,119,mmHg,2024-05-17 14:30:00
O000752,P0187,E0187-1,8462-4,Diastolic blood pressure,91,mmHg,2024-05-17 14:30:00
O000753,P0187,E0187-2,8480-6,Systolic blood pressure,104,mmHg,2024-09-13 15:30:00
O000754,P0187,E0187-2,8462-4,Diastolic blood pressure,64,mmHg,2024-09-13 15:30:00
O000755,P0188,E0188-0,8480-6,Systolic blood pressure,146,mmHg,2024-08-17 12:30:00
O000756,P0188,E0188-0,8462-4,Diastolic blood pressure,81,mmHg,2024-08-17 12:30:00
O000757,P0188,E0188-1,8480-6,Systolic blood pressure,105,mmHg,2024-09-27 06:30:00
O000758,P0188,E0188-1,8462-4,Diastolic blood pressure,73,mmHg,2024-09-27 06:30:00
O000759,P0188,E0188-2,8480-6,Systolic blood pressure,142,mmHg,2024-03-27 11:30:00
O000760,P0188,E0188-2,8462-4,Diastolic blood pressure,96,mmHg,2024-03-27 11:30:00
O000761,P0189,E0189-0,8480-6,Systolic blood pressure,158,mmHg,2024-09-04 10:30:00
O000762,P0189,E0189-0,8462-4,Diastolic blood pressure,98,mmHg,2024-09-04 10:30:00
O000763,P0189,E0189-1,8480-6,Systolic blood pressure,134,mmHg,2024-01-24 20:30:00
O000764,P0189,E0189-1,8462-4,Diastolic blood pressure,84,mmHg,2024-01-24 20:30:00
O000765,P0189,E0189-2,8480-6,Systolic blood pressure,133,mmHg,2024-05-19 02:30:00
O000766,P0189,E0189-2,8462-4,Diastolic blood pressure,82,mmHg,2024-05-19 02:30:00
O000767,P0190,E0190-0,8480-6,Systolic blood pressure,112,mmHg,2024-04-12 13:30:00
O000768,P0190,E0190-0,8462-4,Diastolic blood pressure,83,mmHg,2024-04-12 13:30:00
O000769,P0191,E0191-0,8480-6,Systolic blood pressure,131,mmHg,2024-07-04 16:30:00
O000770,P0191,E0191-0,8462-4,Diastolic blood pressure,82,mmHg,2024-07-04 16:30:00
O000771,P0191,E0191-1,8480-6,Systolic blood pressure,141,mmHg,2024-10-08 12:30:00
O000772,P0191,E0191-1,8462-4,Diastolic blood pressure,110,mmHg,2024-10-08 12:30:00
O000773,P0192,E0192-0,8480-6,Systolic blood pressure,151,mmHg,2024-03-10 06:30:00
O000774,P0192,E0192-0,8462-4,Diastolic blood pressure,88,mmHg,2024-03-10 06:30:00
O000775,P0193,E0193-0,8480-6,Systolic blood pressure,109,mmHg,2024-06-03 09:30:00
O000776,P0193,E0193-0,8462-4,Diastolic blood pressure,72,mmHg,2024-06-03 09:30:00
O000777,P0194,E0194-0,8480-6,Systolic blood pressure,108,mmHg,2024-07-01 13:30:00
O000778,P0194,E0194-0,8462-4,Diastolic blood pressure,91,mmHg,2024-07-01 13:30:00
O000779,P0194,E0194-1,8480-6,Systolic blood pressure,169,mmHg,2024-06-12 05:30:00
O000780,P0194,E0194-1,8462-4,Diastolic blood pressure,61,mmHg,2024-06-12 05:30:00
O000781,P0195,E0195-0,8480-6,Systolic blood pressure,164,mmHg,2024-07-23 14:30:00
O000782,P0195,E0195-0,8462-4,Diastolic blood pressure,101,mmHg,2024-07-23 14:30:00
O000783,P0196,E0196-0,8480-6,Systolic blood pressure,117,mmHg,2024-01-25 02:30:00
O000784,P0196,E0196-0,8462-4,Diastolic blood pressure,60,mmHg,2024-01-25 02:30:00
O000785,P0196,E0196-1,8480-6,Systolic blood pressure,101,mmHg,2024-04-06 08:30:00
O000786,P0196,E0196-1,8462-4,Diastolic blood pressure,100,mmHg,2024-04-06 08:30:00
O000787,P0196,E0196-2,8480-6,Systolic blood pressure,103,mmHg,2024-06-14 00:30:00
O000788,P0196,E0196-2,8462-4,Diastolic blood pressure,101,mmHg,2024-06-14 00:30:00
O000789,P0197,E0197-0,8480-6,Systolic blood pressure,142,mmHg,2024-01-24 02:30:00
O000790,P0197,E0197-0,8462-4,Diastolic blood pressure,109,mmHg,2024-01-24 02:30:00
O000791,P0197,E0197-1,8480-6,Systolic blood pressure,101,mmHg,2024-09-10 19:30:00
O000792,P0197,E0197-1,8462-4,Diastolic blood pressure,61,mmHg,2024-09-10 19:30:00
O000793,P0198,E0198-0,8480-6,Systolic blood pressure,126,mmHg,2024-06-17 05:30:00
O000794,P0198,E0198-0,8462-4,Diastolic blood pressure,69,mmHg,2024-06-17 05:30:00
O000795,P0198,E0198-1,8480-6,Systolic blood pressure,154,mmHg,2024-09-28 02:30:00
O000796,P0198,E0198-1,8462-4,Diastolic blood pressure,82,mmHg,2024-09-28 02:30:00
O000797,P0198,E0198-2,8480-6,Systolic blood pressure,119,mmHg,2024-10-02 18:30:00
O000798,P0198,E0198-2,8462-4,Diastolic blood pressure,102,mmHg,2024-10-02 18:30:00
O000799,P0199,E0199-0,8480-6,Systolic blood pressure,139,mmHg,2024-09-01 01:30:00
O000800,P0199,E0199-0,8462-4,Diastolic blood pressure,101,mmHg,2024-09-01 01:30:00
O000801,P0199,E0199-1,8480-6,Systolic blood pressure,146,mmHg,2024-10-08 14:30:00
O000802,P0199,E0199-1,8462-4,Diastolic blood pressure,93,mmHg,2024-10-08 14:30:00
O000803,P0200,E0200-0,8480-6,Systolic blood pressure,146,mmHg,2024-02-21 20:30:00
O000804,P0200,E0200-0,8462-4,Diastolic blood pressure,69,mmHg,2024-02-21 20:30:00
O000805,P0200,E0200-1,8480-6,Systolic blood pressure,111,mmHg,2024-04-26 12:30:00
O000806,P0200,E0200-1,8462-4,Diastolic blood pressure,61,mmHg,2024-04-26 12:30:00
