patient_key,given_name,family_name,birth_date,gender
P0001,Alex,Lee,1965-01-01,male
P0002,Jordan,Patel,1965-07-20,female
P0003,Sam,Garcia,1966-02-05,other
P0004,Taylor,Kim,1966-08-24,unknown
P0005,Casey,Nguyen,1967-03-12,male
P0006,Alex,Lee,1967-09-28,female
P0007,Jordan,Patel,1968-04-15,other
P0008,Sam,Garcia,1968-11-01,unknown
P0009,Taylor,Kim,1969-05-20,male
P0010,Casey,Nguyen,1969-12-06,female
P0011,Alex,Lee,1970-06-24,other
P0012,Jordan,Patel,1971-01-10,unknown
P0013,Sam,Garcia,1971-07-29,male
P0014,Taylor,Kim,1972-02-14,female
P0015,Casey,Nguyen,1972-09-01,other
P0016,Alex,Lee,1973-03-20,unknown
P0017,Jordan,Patel,1973-10-06,male
P0018,Sam,Garcia,1974-04-24,female
P0019,Taylor,Kim,1974-11-10,other
P0020,Casey,Nguyen,1975-05-29,unknown
P0021,Alex,Lee,1975-12-15,male
P0022,Jordan,Patel,1976-07-02,female
P0023,Sam,Garcia,1977-01-18,other
P0024,Taylor,Kim,1977-08-06,unknown
P0025,Casey,Nguyen,1978-02-22,male
P0026,Alex,Lee,1978-09-10,female
P0027,Jordan,Patel,1979-03-29,other
P0028,Sam,Garcia,1979-10-15,unknown
P0029,Taylor,Kim,1980-05-02,male
P0030,Casey,Nguyen,1980-11-18,female
P0031,Alex,Lee,1981-06-06,other
P0032,Jordan,Patel,1981-12-23,unknown
P0033,Sam,Garcia,1982-07-11,male
P0034,Taylor,Kim,1983-01-27,female
P0035,Casey,Nguyen,1983-08-15,other
P0036,Alex,Lee,1984-03-02,unknown
P0037,Jordan,Patel,1984-09-18,male
P0038,Sam,Garcia,1985-04-06,female
P0039,Taylor,Kim,1985-10-23,other
P0040,Casey,Nguyen,1986-05-11,unknown
