patient_id,mrn,family,given,sex,birth_date
P0001,MRN000001,Ali,Sam,M,1989-01-03
P0002,MRN000002,Diaz,Alex,M,1951-04-02
P0003,MRN000003,Brooks,Riley,M,1997-06-15
P0004,MRN000004,Diaz,Riley,F,1996-06-05
P0005,MRN000005,Ali,Casey,M,1985-08-03
P0006,MRN000006,Ali,Casey,M,1966-12-13
P0007,MRN000007,Cohen,Riley,M,1956-07-28
P0008,MRN000008,Cohen,Casey,M,1987-10-11
P0009,MRN000009,Diaz,Riley,M,1973-07-04
P0010,MRN000010,Diaz,Sam,F,1971-10-01
P0011,MRN000011,Ali,Riley,F,1955-08-15
P0012,MRN000012,Nguyen,Sam,M,1957-12-18
P0013,MRN000013,Ali,Casey,M,1958-06-25
P0014,MRN000014,Brooks,Casey,F,1999-04-27
P0015,MRN000015,Brooks,Casey,M,1976-12-12
P0016,MRN000016,Ali,Alex,F,1972-12-25
P0017,MRN000017,Cohen,Riley,M,1995-02-24
P0018,MRN000018,Diaz,Riley,M,1957-09-18
P0019,MRN000019,Brooks,Riley,F,2000-04-01
P0020,MRN000020,Ali,Riley,M,2000-09-05
P0021,MRN000021,Diaz,Casey,M,1998-02-18
P0022,MRN000022,Diaz,Alex,F,1976-06-20
P0023,MRN000023,Brooks,Riley,F,1973-08-11
P0024,MRN000024,Brooks,Jordan,F,1964-03-15
P0025,MRN000025,Brooks,Sam,M,1980-07-11
P0026,MRN000026,Diaz,Casey,M,1980-02-04
P0027,MRN000027,Brooks,Riley,M,1973-03-18
P0028,MRN000028,Nguyen,Riley,F,1969-09-14
P0029,MRN000029,Ali,Casey,F,1966-08-17
P0030,MRN000030,Cohen,Riley,M,1980-05-23
P0031,MRN000031,Nguyen,Sam,F,1952-11-24
P0032,MRN000032,Brooks,Sam,M,1976-01-09
P0033,MRN000033,Ali,Casey,F,1963-09-25
P0034,MRN000034,Diaz,Alex,M,1949-05-10
P0035,MRN000035,Diaz,Riley,F,1981-09-19
P0036,MRN000036,Ali,Alex,M,2001-08-18
P0037,MRN000037,Ali,Alex,M,1999-02-24
P0038,MRN000038,Cohen,Alex,M,1991-05-25
P0039,MRN000039,Ali,Casey,F,1948-08-02
P0040,MRN000040,Nguyen,Casey,F,1967-02-16
P0041,MRN000041,Brooks,Sam,F,1985-02-05
P0042,MRN000042,Cohen,Riley,M,1994-03-14
P0043,MRN000043,Ali,Jordan,M,1952-07-13
P0044,MRN000044,Ali,Riley,F,1999-11-13
P0045,MRN000045,Cohen,Jordan,M,1967-05-24
P0046,MRN000046,Cohen,Riley,F,1983-04-08
P0047,MRN000047,Ali,Jordan,F,1949-12-28
P0048,MRN000048,Diaz,Jordan,F,1991-09-17
P0049,MRN000049,Cohen,Alex,F,1973-09-28
P0050,MRN000050,Cohen,Alex,F,1948-03-08
P0051,MRN000051,Ali,Sam,F,1948-09-10
P0052,MRN000052,Ali,Alex,F,1960-08-22
P0053,MRN000053,Brooks,Riley,F,1967-04-08
P0054,MRN000054,Nguyen,Casey,F,1973-01-07
P0055,MRN000055,Cohen,Jordan,F,1953-03-11
P0056,MRN000056,Ali,Riley,M,1969-08-06
P0057,MRN000057,Diaz,Sam,M,1970-05-27
P0058,MRN000058,Cohen,Sam,M,1950-07-02
P0059,MRN000059,Ali,Jordan,M,1948-12-25
P0060,MRN000060,Brooks,Jordan,M,1977-06-26
P0061,MRN000061,Cohen,Riley,M,1959-04-05
P0062,MRN000062,Ali,Casey,M,1971-05-24
P0063,MRN000063,Brooks,Casey,F,1989-02-21
P0064,MRN000064,Diaz,Sam,F,1971-09-28
P0065,MRN000065,Diaz,Casey,M,1961-01-12
P0066,MRN000066,Ali,Sam,M,1952-04-02
P0067,MRN000067,Brooks,Riley,M,1974-05-22
P0068,MRN000068,Cohen,Sam,F,1975-03-14
P0069,MRN000069,Brooks,Sam,F,1951-09-05
P0070,MRN000070,Brooks,Alex,M,1968-01-20
P0071,MRN000071,Nguyen,Sam,F,1994-04-02
P0072,MRN000072,Nguyen,Casey,M,1977-04-15
P0073,MRN000073,Brooks,Alex,M,1997-12-17
P0074,MRN000074,Nguyen,Casey,F,1960-03-16
P0075,MRN000075,Diaz,Riley,F,1985-05-20
P0076,MRN000076,Diaz,Casey,F,1964-09-21
P0077,MRN000077,Diaz,Jordan,M,1988-10-22
P0078,MRN000078,Brooks,Casey,F,1949-01-01
P0079,MRN000079,Nguyen,Alex,F,1990-05-13
P0080,MRN000080,Cohen,Sam,F,1948-01-02
P0081,MRN000081,Cohen,Casey,F,1980-05-03
P0082,MRN000082,Nguyen,Jordan,F,1989-01-04
P0083,MRN000083,Diaz,Alex,F,1964-04-27
P0084,MRN000084,Nguyen,Alex,M,1994-04-19
P0085,MRN000085,Brooks,Jordan,F,1992-01-01
P0086,MRN000086,Nguyen,Alex,M,1960-09-22
P0087,MRN000087,Nguyen,Alex,M,1978-02-05
P0088,MRN000088,Ali,Jordan,M,1951-12-25
P0089,MRN000089,Nguyen,Casey,F,1993-02-19
P0090,MRN000090,Brooks,Riley,M,2001-09-09
P0091,MRN000091,Cohen,Riley,F,1975-11-01
P0092,MRN000092,Ali,Casey,F,2001-08-22
P0093,MRN000093,Brooks,Sam,M,1986-09-12
P0094,MRN000094,Nguyen,Sam,F,1960-07-05
P0095,MRN000095,Nguyen,Jordan,F,1972-08-02
P0096,MRN000096,Ali,Riley,F,1957-05-20
P0097,MRN000097,Cohen,Jordan,M,1988-12-04
P0098,MRN000098,Brooks,Jordan,F,1972-08-04
P0099,MRN000099,Nguyen,Casey,M,1982-04-23
P0100,MRN000100,Brooks,Riley,F,1994-10-12
P0101,MRN000101,Cohen,Riley,F,1958-03-25
P0102,MRN000102,Ali,Riley,M,1966-09-21
P0103,MRN000103,Cohen,Jordan,M,1991-03-16
P0104,MRN000104,Cohen,Riley,F,1990-06-05
P0105,MRN000105,Nguyen,Jordan,M,1986-02-19
P0106,MRN000106,Brooks,Sam,M,1998-09-06
P0107,MRN000107,Cohen,Riley,F,1978-08-05
P0108,MRN000108,Cohen,Riley,F,1959-11-12
P0109,MRN000109,Ali,Jordan,M,1997-09-18
P0110,MRN000110,Ali,Jordan,M,2000-08-13
P0111,MRN000111,Diaz,Alex,F,1973-12-18
P0112,MRN000112,Nguyen,Casey,M,1987-03-21
P0113,MRN000113,Brooks,Riley,F,1968-01-14
P0114,MRN000114,Cohen,Casey,F,1953-11-16
P0115,MRN000115,Nguyen,Alex,F,1955-03-16
P0116,MRN000116,Brooks,Alex,M,1988-09-23
P0117,MRN000117,Ali,Casey,F,2001-08-20
P0118,MRN000118,Brooks,Sam,F,1971-11-06
P0119,MRN000119,Cohen,Sam,M,1972-11-13
P0120,MRN000120,Nguyen,Casey,M,1999-07-07
P0121,MRN000121,Nguyen,Sam,M,1985-09-09
P0122,MRN000122,Cohen,Jordan,F,1971-11-15
P0123,MRN000123,Diaz,Casey,F,1954-01-07
P0124,MRN000124,Nguyen,Alex,F,1983-06-28
P0125,MRN000125,Brooks,Riley,F,1971-04-24
P0126,MRN000126,Diaz,Alex,F,1964-09-23
P0127,MRN000127,Cohen,Sam,M,1963-03-22
P0128,MRN000128,Nguyen,Casey,M,1995-03-25
P0129,MRN000129,Ali,Sam,M,1962-12-02
P0130,MRN000130,Ali,Riley,M,1963-03-01
P0131,MRN000131,Brooks,Casey,F,1988-11-07
P0132,MRN000132,Ali,Sam,F,1976-09-11
P0133,MRN000133,Brooks,Sam,F,1986-02-27
P0134,MRN000134,Ali,Sam,F,1952-12-24
P0135,MRN000135,Ali,Sam,F,1984-06-02
P0136,MRN000136,Diaz,Riley,F,1955-06-23
P0137,MRN000137,Nguyen,Riley,M,1980-01-17
P0138,MRN000138,Cohen,Alex,M,1954-12-06
P0139,MRN000139,Ali,Alex,F,1955-07-05
P0140,MRN000140,Brooks,Jordan,M,2001-10-26
P0141,MRN000141,Nguyen,Jordan,M,1960-09-22
P0142,MRN000142,Nguyen,Alex,F,1989-10-09
P0143,MRN000143,Nguyen,Casey,M,1953-08-19
P0144,MRN000144,Cohen,Sam,M,1977-09-10
P0145,MRN000145,Diaz,Jordan,M,1965-05-07
P0146,MRN000146,Nguyen,Casey,F,1991-12-05
P0147,MRN000147,Nguyen,Riley,F,1979-07-19
P0148,MRN000148,Cohen,Riley,M,1994-06-10
P0149,MRN000149,Cohen,Jordan,F,1982-05-26
P0150,MRN000150,Ali,Casey,F,1968-04-14
P0151,MRN000151,Ali,Casey,M,1981-09-24
P0152,MRN000152,Cohen,Riley,M,1976-10-19
P0153,MRN000153,Cohen,Sam,M,2000-09-07
P0154,MRN000154,Diaz,Alex,F,1960-03-16
P0155,MRN000155,Diaz,Riley,M,1987-07-26
P0156,MRN000156,Brooks,Alex,M,1988-02-28
P0157,MRN000157,Diaz,Sam,M,1948-08-10
P0158,MRN000158,Cohen,Alex,F,1953-03-06
P0159,MRN000159,Nguyen,Alex,M,2000-06-18
P0160,MRN000160,Cohen,Alex,M,1990-01-11
P0161,MRN000161,Brooks,Casey,M,1977-04-06
P0162,MRN000162,Brooks,Riley,F,1993-05-20
P0163,MRN000163,Diaz,Jordan,M,1949-11-23
P0164,MRN000164,Ali,Alex,F,1966-03-27
P0165,MRN000165,Nguyen,Sam,M,1955-05-20
P0166,MRN000166,Diaz,Jordan,M,1990-11-19
P0167,MRN000167,Nguyen,Alex,M,1961-06-24
P0168,MRN000168,Diaz,Alex,M,1975-08-11
P0169,MRN000169,Diaz,Sam,F,1982-05-08
P0170,MRN000170,Ali,Sam,F,1991-12-16
P0171,MRN000171,Diaz,Sam,M,1988-02-18
P0172,MRN000172,Cohen,Sam,F,1951-05-10
P0173,MRN000173,Cohen,Riley,M,1966-03-18
P0174,MRN000174,Ali,Casey,M,1954-11-16
P0175,MRN000175,Brooks,Alex,F,1995-01-01
P0176,MRN000176,Brooks,Jordan,F,1983-06-27
P0177,MRN000177,Diaz,Casey,F,1957-12-08
P0178,MRN000178,Nguyen,Riley,M,1960-04-24
P0179,MRN000179,Cohen,Jordan,F,1976-01-22
P0180,MRN000180,Brooks,Riley,F,1982-06-17
P0181,MRN000181,Ali,Casey,M,1971-08-22
P0182,MRN000182,Diaz,Sam,M,1973-05-04
P0183,MRN000183,Ali,Alex,F,1981-11-09
P0184,MRN000184,Cohen,Riley,F,1960-10-16
P0185,MRN000185,Brooks,Alex,M,1950-01-23
P0186,MRN000186,Ali,Casey,M,1994-08-02
P0187,MRN000187,Nguyen,Jordan,F,1957-09-10
P0188,MRN000188,Brooks,Casey,M,2001-08-06
P0189,MRN000189,Cohen,Riley,M,1968-01-11
P0190,MRN000190,Diaz,Casey,F,1992-01-18
P0191,MRN000191,Ali,Sam,F,1991-02-10
P0192,MRN000192,Cohen,Casey,M,1963-04-12
P0193,MRN000193,Cohen,Casey,M,1958-10-03
P0194,MRN000194,Diaz,Alex,F,1967-10-12
P0195,MRN000195,Brooks,Jordan,F,1993-01-07
P0196,MRN000196,Nguyen,Sam,F,1994-01-05
P0197,MRN000197,Cohen,Riley,M,1959-01-28
P0198,MRN000198,Ali,Casey,M,1951-07-20
P0199,MRN000199,Diaz,Casey,M,1962-12-20
P0200,MRN000200,Diaz,Jordan,F,1964-01-18
